{
  "concept": "dragon",
  "direction": "random",
  "control_random": true,
  "band": [
    8,
    9,
    10,
    11,
    12,
    13,
    14,
    15,
    16,
    17,
    18,
    19,
    20,
    21,
    22,
    23,
    24,
    25,
    26,
    27,
    28,
    29,
    30,
    31,
    32,
    33,
    34,
    35,
    36,
    37,
    38,
    39,
    40,
    41,
    42,
    43,
    44,
    45,
    46,
    47,
    48
  ],
  "mode": "add",
  "region_rc": [
    10,
    10,
    20,
    20
  ],
  "results": [
    {
      "alpha": 0.0,
      "delta_in": 0.0,
      "delta_out": 0.0,
      "ratio": 0.0
    },
    {
      "alpha": 4.0,
      "delta_in": 23.949853897094727,
      "delta_out": 4.396681308746338,
      "ratio": 5.4472559569408014
    },
    {
      "alpha": 8.0,
      "delta_in": 40.485721588134766,
      "delta_out": 5.974818229675293,
      "ratio": 6.776057991353656
    }
  ]
}