{
  "concepts": {
    "bird": [
      0.10216258466243744,
      0.10422708839178085,
      0.117153599858284,
      0.11680319905281067,
      0.12155646830797195,
      0.12059061974287033,
      0.11428029835224152,
      0.13019604980945587,
      0.15505337715148926,
      0.20064185559749603,
      0.14285194873809814,
      0.1743457168340683,
      0.1193908229470253,
      0.1664072722196579,
      0.12346073240041733,
      0.12570548057556152,
      0.22210398316383362,
      0.3583472967147827,
      0.17603014409542084,
      0.3086797297000885,
      0.2193022221326828,
      0.399625301361084,
      0.4420951008796692,
      0.2337665855884552,
      0.3344520628452301,
      0.5775256156921387,
      0.506867527961731,
      0.42186710238456726,
      0.45603612065315247,
      0.27313804626464844,
      0.3259991705417633,
      0.17245617508888245,
      0.20256921648979187,
      0.1673731654882431,
      0.17110644280910492,
      0.15602333843708038,
      0.14833812415599823,
      0.13868248462677002,
      0.11876651644706726,
      0.12095098942518234,
      0.11815527826547623,
      0.11853320151567459,
      0.12737934291362762,
      0.1197085976600647,
      0.11808712035417557,
      0.1119137704372406,
      0.11146136373281479,
      0.10893355309963226,
      0.1117626428604126,
      0.10811295360326767,
      0.10788287222385406,
      0.10556398332118988,
      0.1060340404510498,
      0.10642756521701813,
      0.1148654967546463,
      0.11111176013946533,
      0.10119892656803131
    ],
    "branch": [
      0.10235974192619324,
      0.10467582195997238,
      0.11651203781366348,
      0.11685484647750854,
      0.12559311091899872,
      0.11872924864292145,
      0.11929678171873093,
      0.11997680366039276,
      0.14924205839633942,
      0.1652587503194809,
      0.1634836345911026,
      0.16194875538349152,
      0.12193848192691803,
      0.16400809586048126,
      0.1499282270669937,
      0.12368305027484894,
      0.1713329702615738,
      0.2520485520362854,
      0.16240590810775757,
      0.29083824157714844,
      0.23575109243392944,
      0.3782447874546051,
      0.27119824290275574,
      0.2032090425491333,
      0.22817492485046387,
      0.42631834745407104,
      0.34834232926368713,
      0.3096034526824951,
      0.34529489278793335,
      0.2897282540798187,
      0.3332270383834839,
      0.22181741893291473,
      0.2715352475643158,
      0.17419375479221344,
      0.15058548748493195,
      0.13411875069141388,
      0.12520624697208405,
      0.12397338449954987,
      0.12001115828752518,
      0.11574936658143997,
      0.11041592061519623,
      0.11717657744884491,
      0.11909149587154388,
      0.11374389380216599,
      0.11769881844520569,
      0.10949329286813736,
      0.11426246166229248,
      0.10923938453197479,
      0.1087297573685646,
      0.10889283567667007,
      0.10756977647542953,
      0.10830041021108627,
      0.10692596435546875,
      0.10771961510181427,
      0.11617344617843628,
      0.11072515696287155,
      0.10106872022151947
    ],
    "forest": [
      0.10219369828701019,
      0.10453290492296219,
      0.11508084833621979,
      0.11874548345804214,
      0.12198765575885773,
      0.11418415606021881,
      0.11850188672542572,
      0.11984865367412567,
      0.14028657972812653,
      0.13082848489284515,
      0.13891050219535828,
      0.12103975564241409,
      0.12126468867063522,
      0.1313098818063736,
      0.12643717229366302,
      0.12215898185968399,
      0.133571594953537,
      0.1419282704591751,
      0.12755709886550903,
      0.14070859551429749,
      0.13248124718666077,
      0.1500670611858368,
      0.15994411706924438,
      0.14458592236042023,
      0.15549145638942719,
      0.1632276177406311,
      0.1674492210149765,
      0.18315625190734863,
      0.15484274923801422,
      0.1426841914653778,
      0.1621881127357483,
      0.13606533408164978,
      0.136698380112648,
      0.13572783768177032,
      0.13405944406986237,
      0.1272253841161728,
      0.12805433571338654,
      0.11890748888254166,
      0.11657468229532242,
      0.11264912039041519,
      0.10886625200510025,
      0.1170540452003479,
      0.12386342883110046,
      0.11468002200126648,
      0.11542361974716187,
      0.10998500138521194,
      0.1116594672203064,
      0.10794821381568909,
      0.10851718485355377,
      0.10810614377260208,
      0.10647577047348022,
      0.10680297017097473,
      0.10555149614810944,
      0.1067071184515953,
      0.1132592111825943,
      0.11149578541517258,
      0.10143382847309113
    ]
  },
  "band": [
    17,
    21,
    22,
    25,
    26,
    27,
    28,
    30
  ],
  "n_double": 19
}