{
  "concepts": {
    "horse": [
      0.10226424783468246,
      0.1208367720246315,
      0.13106459379196167,
      0.32218414545059204,
      0.15284374356269836,
      0.17853951454162598,
      0.11032696813344955,
      0.1306227594614029,
      0.16278822720050812,
      0.31274330615997314,
      0.13407304883003235,
      0.18745476007461548,
      0.13031616806983948,
      0.14773359894752502,
      0.14032156765460968,
      0.160360649228096,
      0.23844577372074127,
      0.5605799555778503,
      0.18658989667892456,
      0.16896089911460876,
      0.15857337415218353,
      0.21761809289455414,
      0.1697004735469818,
      0.17083944380283356,
      0.17936305701732635,
      0.17846299707889557,
      0.21748627722263336,
      0.19124557077884674,
      0.18510238826274872,
      0.16151480376720428,
      0.18256376683712006,
      0.1552554965019226,
      0.15982042253017426,
      0.1362449675798416,
      0.15679605305194855,
      0.12817540764808655,
      0.13739550113677979,
      0.13774234056472778,
      0.11577843874692917,
      0.11473032087087631,
      0.11372223496437073,
      0.11011045426130295,
      0.11030556261539459,
      0.11292198300361633,
      0.11436362564563751,
      0.10964879393577576,
      0.12479864805936813,
      0.10723493248224258,
      0.11469505727291107,
      0.1104976013302803,
      0.10977640748023987,
      0.1207193061709404,
      0.11150682717561722,
      0.10654140263795853,
      0.10789596289396286,
      0.13239648938179016,
      0.1035047397017479
    ],
    "field": [
      0.10289105027914047,
      0.12084677815437317,
      0.12497619539499283,
      0.157289057970047,
      0.1563810408115387,
      0.18945352733135223,
      0.12282022833824158,
      0.11563726514577866,
      0.16257868707180023,
      0.27679112553596497,
      0.12120644748210907,
      0.1525363326072693,
      0.12330132722854614,
      0.1617112159729004,
      0.117455393075943,
      0.13271771371364594,
      0.13273417949676514,
      0.2038125991821289,
      0.13114726543426514,
      0.1634344905614853,
      0.14725561439990997,
      0.1364230215549469,
      0.16256122291088104,
      0.15887770056724548,
      0.17665325105190277,
      0.26852425932884216,
      0.2226366102695465,
      0.22161442041397095,
      0.27625834941864014,
      0.23696854710578918,
      0.21369606256484985,
      0.20558395981788635,
      0.21080926060676575,
      0.1753210872411728,
      0.21635711193084717,
      0.19557078182697296,
      0.15986695885658264,
      0.25596219301223755,
      0.12898537516593933,
      0.12217146903276443,
      0.12133166939020157,
      0.11721543967723846,
      0.11333484947681427,
      0.12087821960449219,
      0.12268243730068207,
      0.12406431138515472,
      0.1413562148809433,
      0.11405956000089645,
      0.1323867291212082,
      0.11801418662071228,
      0.12864439189434052,
      0.12413353472948074,
      0.11477172374725342,
      0.10877497494220734,
      0.1334829181432724,
      0.14532671868801117,
      0.10201560705900192
    ],
    "grass": [
      0.102780781686306,
      0.11718790978193283,
      0.12394276261329651,
      0.13643980026245117,
      0.18301451206207275,
      0.20300480723381042,
      0.1269708275794983,
      0.11384313553571701,
      0.1752142608165741,
      0.37321797013282776,
      0.1236148253083229,
      0.1604497879743576,
      0.12222608923912048,
      0.18837131559848785,
      0.12300087511539459,
      0.123829185962677,
      0.12123319506645203,
      0.20172591507434845,
      0.1447024643421173,
      0.1428665667772293,
      0.15716978907585144,
      0.16981348395347595,
      0.19183462858200073,
      0.1600002497434616,
      0.21721436083316803,
      0.28847238421440125,
      0.21991999447345734,
      0.24095003306865692,
      0.2866494655609131,
      0.24347712099552155,
      0.21741309762001038,
      0.22573228180408478,
      0.23958493769168854,
      0.17571985721588135,
      0.23238696157932281,
      0.19680100679397583,
      0.16315725445747375,
      0.24419239163398743,
      0.12996235489845276,
      0.12233104556798935,
      0.12185453623533249,
      0.11906187236309052,
      0.11760437488555908,
      0.12045693397521973,
      0.12695804238319397,
      0.11855538934469223,
      0.13888360559940338,
      0.11591155081987381,
      0.1315140277147293,
      0.11938581615686417,
      0.12468679249286652,
      0.12697887420654297,
      0.11548025906085968,
      0.11543819308280945,
      0.12240628153085709,
      0.12665793299674988,
      0.10227396339178085
    ],
    "sky": [
      0.10229010879993439,
      0.11992577463388443,
      0.13761471211910248,
      0.13775736093521118,
      0.14545880258083344,
      0.11874527484178543,
      0.11472561210393906,
      0.11695840209722519,
      0.1273299604654312,
      0.1370730996131897,
      0.14388702809810638,
      0.13271231949329376,
      0.13186855614185333,
      0.12814797461032867,
      0.1274385154247284,
      0.12631769478321075,
      0.13898128271102905,
      0.1473774015903473,
      0.12411234527826309,
      0.13657395541667938,
      0.1408446580171585,
      0.160845085978508,
      0.15465541183948517,
      0.14246544241905212,
      0.15348365902900696,
      0.15049397945404053,
      0.18779845535755157,
      0.16747283935546875,
      0.17767971754074097,
      0.1744343638420105,
      0.1577664017677307,
      0.14342325925827026,
      0.17070429027080536,
      0.14715567231178284,
      0.16132381558418274,
      0.1430833786725998,
      0.13311158120632172,
      0.1377519965171814,
      0.11876755952835083,
      0.11206445842981339,
      0.11219450831413269,
      0.11371668428182602,
      0.11425942182540894,
      0.11130177974700928,
      0.11407062411308289,
      0.11690878868103027,
      0.11321987956762314,
      0.10999181866645813,
      0.11254897713661194,
      0.110086590051651,
      0.11093271523714066,
      0.10442332178354263,
      0.10952320694923401,
      0.10998919606208801,
      0.11265793442726135,
      0.13423952460289001,
      0.10215546935796738
    ]
  },
  "band": [
    9,
    17,
    25,
    26,
    27,
    28,
    29,
    32
  ],
  "n_double": 19
}