{
  "concept": "dragon",
  "direction": "dragon",
  "control_random": false,
  "band": [
    8,
    9,
    10,
    11,
    12,
    13,
    14,
    15,
    16,
    17,
    18,
    19,
    20,
    21,
    22,
    23,
    24,
    25,
    26,
    27,
    28,
    29,
    30,
    31,
    32,
    33,
    34,
    35,
    36,
    37,
    38,
    39,
    40,
    41,
    42,
    43,
    44,
    45,
    46,
    47,
    48
  ],
  "mode": "add",
  "region_rc": [
    1,
    8,
    9,
    24
  ],
  "results": [
    {
      "alpha": 0.0,
      "delta_in": 0.0,
      "delta_out": 0.0,
      "ratio": 0.0
    },
    {
      "alpha": 4.0,
      "delta_in": 2.449150800704956,
      "delta_out": 3.809136152267456,
      "ratio": 0.6429673447822838
    },
    {
      "alpha": 8.0,
      "delta_in": 3.8203041553497314,
      "delta_out": 6.094537734985352,
      "ratio": 0.6268405734169009
    }
  ]
}