{
  "concepts": {
    "apple": [
      0.10195621103048325,
      0.11069988459348679,
      0.13528747856616974,
      0.13205432891845703,
      0.1455531120300293,
      0.12603233754634857,
      0.12028905749320984,
      0.132155641913414,
      0.14716686308383942,
      0.33188506960868835,
      0.2334161251783371,
      0.230721578001976,
      0.1820254772901535,
      0.23603229224681854,
      0.22455845773220062,
      0.15760599076747894,
      0.20293578505516052,
      0.29712268710136414,
      0.238947331905365,
      0.1824018806219101,
      0.1868823617696762,
      0.29114875197410583,
      0.36297687888145447,
      0.2468193620443344,
      0.30638009309768677,
      0.2915126085281372,
      0.28836849331855774,
      0.21981756389141083,
      0.3277910649776459,
      0.2182559370994568,
      0.19533859193325043,
      0.1672528088092804,
      0.1802407056093216,
      0.16317176818847656,
      0.1889968067407608,
      0.15293213725090027,
      0.13109628856182098,
      0.14120177924633026,
      0.11717963963747025,
      0.11372234672307968,
      0.1158297210931778,
      0.11268949508666992,
      0.11312167346477509,
      0.11418434977531433,
      0.12176582962274551,
      0.11385404318571091,
      0.11327974498271942,
      0.11063859611749649,
      0.1184067577123642,
      0.1105644702911377,
      0.11116130650043488,
      0.10655497014522552,
      0.10487723350524902,
      0.10574925690889359,
      0.11452580988407135,
      0.12037423998117447,
      0.10305463522672653
    ],
    "banana": [
      0.10278274118900299,
      0.11102134734392166,
      0.13556654751300812,
      0.13109621405601501,
      0.14120791852474213,
      0.1370156705379486,
      0.11965800821781158,
      0.12675151228904724,
      0.1498292088508606,
      0.3668507933616638,
      0.29088813066482544,
      0.2815752923488617,
      0.21061310172080994,
      0.28914210200309753,
      0.20566724240779877,
      0.17371810972690582,
      0.19476906955242157,
      0.3453207015991211,
      0.2871285378932953,
      0.22672581672668457,
      0.2076808363199234,
      0.33599957823753357,
      0.3939868211746216,
      0.18691536784172058,
      0.3094557821750641,
      0.3092644512653351,
      0.27132636308670044,
      0.20709773898124695,
      0.34384962916374207,
      0.25765085220336914,
      0.22336412966251373,
      0.1683053821325302,
      0.1755671203136444,
      0.156183660030365,
      0.15406084060668945,
      0.13679906725883484,
      0.127301886677742,
      0.13636483252048492,
      0.11467164754867554,
      0.1122434139251709,
      0.11286074668169022,
      0.11294272541999817,
      0.11199746280908585,
      0.11299476772546768,
      0.11657775193452835,
      0.11257369071245193,
      0.11163992434740067,
      0.10973786562681198,
      0.11251090466976166,
      0.10742509365081787,
      0.10703465342521667,
      0.10779119282960892,
      0.10513922572135925,
      0.10695149004459381,
      0.11751320958137512,
      0.12023758888244629,
      0.10256517678499222
    ],
    "plate": [
      0.10264495760202408,
      0.11234509944915771,
      0.13664878904819489,
      0.13549917936325073,
      0.13488849997520447,
      0.12154742330312729,
      0.11841391026973724,
      0.1201993003487587,
      0.12391442060470581,
      0.286309152841568,
      0.2110692858695984,
      0.15825392305850983,
      0.12873366475105286,
      0.20531566441059113,
      0.14620336890220642,
      0.13130369782447815,
      0.15025100111961365,
      0.24275678396224976,
      0.20009684562683105,
      0.20315417647361755,
      0.2085694670677185,
      0.22257551550865173,
      0.2135830670595169,
      0.14937381446361542,
      0.20868787169456482,
      0.20169098675251007,
      0.2123604267835617,
      0.19138573110103607,
      0.256204754114151,
      0.206861212849617,
      0.22351476550102234,
      0.20139522850513458,
      0.22708569467067719,
      0.19596876204013824,
      0.19031070172786713,
      0.15643310546875,
      0.15345843136310577,
      0.14145301282405853,
      0.11887083202600479,
      0.1218443214893341,
      0.11878327280282974,
      0.12418285757303238,
      0.12246093899011612,
      0.11910831928253174,
      0.11905855685472488,
      0.11650268733501434,
      0.11320055276155472,
      0.10906239598989487,
      0.10893804579973221,
      0.10908215492963791,
      0.10632871091365814,
      0.10710319131612778,
      0.10635685175657272,
      0.10771281272172928,
      0.11518485844135284,
      0.12273766845464706,
      0.10307029634714127
    ]
  },
  "band": [
    9,
    17,
    21,
    22,
    24,
    25,
    26,
    28
  ],
  "n_double": 19
}