{
  "direction": "random",
  "concept": "dragon",
  "mode": "add",
  "band": [
    19,
    20,
    21,
    22,
    23,
    24,
    25,
    26
  ],
  "downstream_layers": [
    27,
    28,
    29,
    30,
    31,
    32,
    33,
    34
  ],
  "delta_saliency_band": {
    "0.0": 0.0,
    "4.0": -0.003222026862204075,
    "8.0": 0.004027219023555517
  },
  "delta_saliency_downstream": {
    "0.0": 0.0,
    "4.0": -0.005001562647521496,
    "8.0": -0.002182677388191223
  }
}