{
  "direction": "dragon",
  "concept": "dragon",
  "mode": "add",
  "band": [
    19,
    20,
    21,
    22,
    23,
    24,
    25,
    26
  ],
  "downstream_layers": [
    27,
    28,
    29,
    30,
    31,
    32,
    33,
    34
  ],
  "delta_saliency_band": {
    "0.0": 0.0,
    "4.0": 0.039288397412747145,
    "8.0": 0.07325415825471282
  },
  "delta_saliency_downstream": {
    "0.0": 0.0,
    "4.0": -0.0006491905078291893,
    "8.0": -0.002974514849483967
  }
}