{
  "concepts": {
    "dragon": [
      0.10247388482093811,
      0.11147929728031158,
      0.13212761282920837,
      0.17257750034332275,
      0.1506529301404953,
      0.14506655931472778,
      0.12864252924919128,
      0.12296530604362488,
      0.14476454257965088,
      0.30150243639945984,
      0.18015572428703308,
      0.22487053275108337,
      0.20058591663837433,
      0.22237414121627808,
      0.19280749559402466,
      0.18225519359111786,
      0.21283170580863953,
      0.35244953632354736,
      0.20565396547317505,
      0.42414242029190063,
      0.3160737156867981,
      0.2782292664051056,
      0.27813205122947693,
      0.25020650029182434,
      0.3807399272918701,
      0.3512909710407257,
      0.3276796340942383,
      0.3023500442504883,
      0.30107006430625916,
      0.1773860901594162,
      0.2643023133277893,
      0.16576668620109558,
      0.17570747435092926,
      0.14549803733825684,
      0.1596844643354416,
      0.1321536898612976,
      0.12777869403362274,
      0.12317368388175964,
      0.11146911978721619,
      0.1080533117055893,
      0.10995020717382431,
      0.1086154580116272,
      0.11038991808891296,
      0.10825518518686295,
      0.11815185099840164,
      0.11337277293205261,
      0.11292152106761932,
      0.10756393522024155,
      0.1077343299984932,
      0.10797401517629623,
      0.10894981771707535,
      0.11034375429153442,
      0.10791843384504318,
      0.10605273395776749,
      0.1122872456908226,
      0.11629689484834671,
      0.10335400700569153
    ],
    "rock": [
      0.10281845182180405,
      0.11237241327762604,
      0.13017508387565613,
      0.1498090773820877,
      0.14014974236488342,
      0.12397997081279755,
      0.12817882001399994,
      0.12203986197710037,
      0.14000162482261658,
      0.21127930283546448,
      0.1319131702184677,
      0.147277370095253,
      0.16019192337989807,
      0.15874391794204712,
      0.11884656548500061,
      0.14238110184669495,
      0.16735215485095978,
      0.29590877890586853,
      0.1380205601453781,
      0.23897287249565125,
      0.17268085479736328,
      0.21012645959854126,
      0.21743007004261017,
      0.19616049528121948,
      0.1728714406490326,
      0.33140984177589417,
      0.22393798828125,
      0.21687878668308258,
      0.3205614387989044,
      0.24229487776756287,
      0.23778539896011353,
      0.21735379099845886,
      0.24614182114601135,
      0.17960768938064575,
      0.18297643959522247,
      0.16072487831115723,
      0.13839823007583618,
      0.15033942461013794,
      0.11831171065568924,
      0.11050254851579666,
      0.11394006758928299,
      0.1128246858716011,
      0.11780256778001785,
      0.11044781655073166,
      0.12304116785526276,
      0.11410115659236908,
      0.11824946105480194,
      0.11151092499494553,
      0.11884891241788864,
      0.11490343511104584,
      0.11522284150123596,
      0.11583888530731201,
      0.10806602984666824,
      0.10598855465650558,
      0.11756183207035065,
      0.11836859583854675,
      0.10243276506662369
    ],
    "cloud": [
      0.10330204665660858,
      0.11334052681922913,
      0.13616083562374115,
      0.12361413985490799,
      0.13343565165996552,
      0.11680544912815094,
      0.12231408804655075,
      0.12111622840166092,
      0.1421332210302353,
      0.1478504091501236,
      0.1693841964006424,
      0.1373210847377777,
      0.13677366077899933,
      0.15047337114810944,
      0.13983647525310516,
      0.13501878082752228,
      0.14819318056106567,
      0.16001300513744354,
      0.13206039369106293,
      0.15383417904376984,
      0.14432121813297272,
      0.1775483787059784,
      0.1625777930021286,
      0.1553857922554016,
      0.1643933355808258,
      0.17283347249031067,
      0.1744796335697174,
      0.17198093235492706,
      0.18015199899673462,
      0.17527790367603302,
      0.16705574095249176,
      0.15657278895378113,
      0.17189647257328033,
      0.15672779083251953,
      0.15131862461566925,
      0.1393709033727646,
      0.12952910363674164,
      0.1292063146829605,
      0.1200823038816452,
      0.11465242505073547,
      0.11152266710996628,
      0.11497414112091064,
      0.12235553562641144,
      0.11122351884841919,
      0.11686251312494278,
      0.11470978707075119,
      0.11425480991601944,
      0.10873928666114807,
      0.10879558324813843,
      0.10870224237442017,
      0.10889766365289688,
      0.10963663458824158,
      0.10715669393539429,
      0.10842745006084442,
      0.11510688811540604,
      0.11978195607662201,
      0.10192973166704178
    ],
    "sky": [
      0.10255511850118637,
      0.11086602509021759,
      0.1371278464794159,
      0.13002121448516846,
      0.13705898821353912,
      0.11790084093809128,
      0.12081851810216904,
      0.1189693957567215,
      0.14476867020130157,
      0.13974617421627045,
      0.16073749959468842,
      0.1352892369031906,
      0.12981469929218292,
      0.1468614935874939,
      0.13081392645835876,
      0.1305667757987976,
      0.14377713203430176,
      0.15447385609149933,
      0.13193254172801971,
      0.15057988464832306,
      0.14299166202545166,
      0.17930705845355988,
      0.16924802958965302,
      0.1567138433456421,
      0.16400305926799774,
      0.18590910732746124,
      0.19548889994621277,
      0.2041497379541397,
      0.2015087902545929,
      0.19153763353824615,
      0.1703650951385498,
      0.17782366275787354,
      0.1851230412721634,
      0.15922163426876068,
      0.18088392913341522,
      0.15179075300693512,
      0.13671448826789856,
      0.13560160994529724,
      0.12143515795469284,
      0.11344130337238312,
      0.1124313622713089,
      0.11230813711881638,
      0.11358433961868286,
      0.1110110953450203,
      0.11513971537351608,
      0.11352284997701645,
      0.11228127777576447,
      0.10915439575910568,
      0.11346101760864258,
      0.10955274850130081,
      0.10948970168828964,
      0.1119149699807167,
      0.10749557614326477,
      0.10824423283338547,
      0.11559011787176132,
      0.11895743012428284,
      0.10181233286857605
    ]
  },
  "band": [
    17,
    19,
    21,
    24,
    25,
    26,
    27,
    28
  ],
  "n_double": 19
}