{
  "cross_fraction": [
    0.006486629149245952,
    0.0042313641827907604,
    0.014062807279287881,
    0.015020129432741669,
    0.0122281548783576,
    0.011688425322063267,
    0.01176643576278972,
    0.04053618557857893,
    0.036926606631216906,
    0.02898904792770433,
    0.03261451716874338,
    0.043082267153295106,
    0.04136744645560005,
    0.031352239614231316,
    0.06946907948076841,
    0.04555556491951999,
    0.03135657130527155,
    0.025436421998165315,
    0.08062750437481252,
    0.05022771641961299,
    0.06499060128893082,
    0.050518348696641624,
    0.06693008223858972,
    0.08162507963910078,
    0.08949055320893724,
    0.08744433735652517,
    0.09710913052549586,
    0.09872653137426823,
    0.06774282659171149,
    0.07166134713528056,
    0.08028227847535163,
    0.08068278346521159,
    0.05381649152453368,
    0.03395351728249807,
    0.03678801372492065,
    0.052493527822662145,
    0.060297583363232356,
    0.09902795954258181,
    0.07347343970711033,
    0.04274129828748604,
    0.0547939003057157,
    0.060376855731192336,
    0.049374380750426404,
    0.0348243234717908,
    0.05765176715400836,
    0.06250782927963883,
    0.06056044036859021,
    0.06360785237726911,
    0.06938061412074603,
    0.07340232754359022,
    0.07503346223772193,
    0.040148089654394425,
    0.05233721260447055,
    0.04038374154091192,
    0.05091345305360543,
    0.03940091007825686,
    0.033220849942760346
  ],
  "ii_entropy": [
    0.996646486222744,
    0.8686766624450684,
    0.7285287113239368,
    0.7397337338576714,
    0.617763553901265,
    0.7134841630856196,
    0.6698460491995016,
    0.6925318989281853,
    0.5995445139706135,
    0.7019289235273997,
    0.7221775886913141,
    0.6887260700265566,
    0.6733990150193373,
    0.6571691036224365,
    0.5946926306933165,
    0.5072802069286505,
    0.5620289469758669,
    0.5421244539320469,
    0.628012511258324,
    0.6457263280948004,
    0.6644246727228165,
    0.5854841607312361,
    0.5750033184885979,
    0.5863010548055172,
    0.5629556390146414,
    0.5513528262575468,
    0.5181660527984301,
    0.5195671593149503,
    0.5856684818863869,
    0.5907372236251831,
    0.5272824416557947,
    0.5998603527744611,
    0.6032822343210379,
    0.593471440176169,
    0.6367960994442304,
    0.6452620662748814,
    0.5695152673870325,
    0.6513401307165623,
    0.6925830493370692,
    0.7260469688723484,
    0.7127784776190916,
    0.6125216456130147,
    0.650634728372097,
    0.6815907383958498,
    0.5635278063515822,
    0.6607393125693003,
    0.6314756935462356,
    0.6610259333004554,
    0.742731487378478,
    0.7074769750858346,
    0.7507943374415239,
    0.6965855325882634,
    0.7859199910114208,
    0.7814594330266118,
    0.7800892979527513,
    0.8045568096761903,
    0.9526216189066569
  ],
  "ii_spread": [
    16.40581136575237,
    11.470176887010226,
    9.515542851713152,
    9.990071461737964,
    7.645728112039381,
    10.366992886451333,
    9.051713249149913,
    10.327046989052436,
    7.8573475172729,
    10.3330777044807,
    10.832181107346743,
    10.005379657748088,
    9.450449733755104,
    9.581932162281909,
    8.078979222986378,
    7.438270812013239,
    6.389402208150237,
    7.041812909791189,
    10.00941230006312,
    10.359026937807817,
    11.519179388223526,
    9.073123369951782,
    10.69550767935918,
    11.596975101496653,
    12.360621420952748,
    12.070796750935989,
    10.92514826892279,
    11.551444473789738,
    10.914701253092046,
    11.387484744859796,
    9.053119528873426,
    10.33996280810664,
    9.207994438699343,
    7.864627336523273,
    8.70205626188538,
    9.314409924176038,
    7.996268915902738,
    9.060703745252056,
    10.220792539219001,
    10.541737683718372,
    9.73527698007942,
    8.023101894277994,
    8.806587722425586,
    8.782446819236124,
    8.231840069622574,
    9.41921165571659,
    8.840482352766273,
    8.966817751812341,
    11.868637735813708,
    10.092020846496684,
    12.028563865993553,
    9.613217378143451,
    11.106533256000878,
    11.57650003067755,
    12.353706843518767,
    12.899085024205817,
    14.646336156093186
  ],
  "kinds": [
    "double",
    "double",
    "double",
    "double",
    "double",
    "double",
    "double",
    "double",
    "double",
    "double",
    "double",
    "double",
    "double",
    "double",
    "double",
    "double",
    "double",
    "double",
    "double",
    "single",
    "single",
    "single",
    "single",
    "single",
    "single",
    "single",
    "single",
    "single",
    "single",
    "single",
    "single",
    "single",
    "single",
    "single",
    "single",
    "single",
    "single",
    "single",
    "single",
    "single",
    "single",
    "single",
    "single",
    "single",
    "single",
    "single",
    "single",
    "single",
    "single",
    "single",
    "single",
    "single",
    "single",
    "single",
    "single",
    "single",
    "single"
  ],
  "n_double": 19,
  "best_layers": [
    17,
    16,
    4,
    15,
    33
  ]
}