{
  "concepts": {
    "coffee": [
      0.10453763604164124,
      0.11846908181905746,
      0.16640612483024597,
      0.14030036330223083,
      0.1397680640220642,
      0.1321253478527069,
      0.142037495970726,
      0.11824116110801697,
      0.12523138523101807,
      0.16559293866157532,
      0.18256433308124542,
      0.15271440148353577,
      0.1421050876379013,
      0.23832768201828003,
      0.1381087750196457,
      0.13686233758926392,
      0.24051085114479065,
      0.3475954532623291,
      0.17359980940818787,
      0.3801811933517456,
      0.22239182889461517,
      0.34722650051116943,
      0.2815874516963959,
      0.22525525093078613,
      0.32169583439826965,
      0.3478352725505829,
      0.46714964509010315,
      0.2668176591396332,
      0.3961741626262665,
      0.2877081334590912,
      0.2786377966403961,
      0.21065588295459747,
      0.21143004298210144,
      0.17321360111236572,
      0.16203229129314423,
      0.1455077826976776,
      0.14300645887851715,
      0.13849689066410065,
      0.12467827647924423,
      0.12520158290863037,
      0.11925719678401947,
      0.12751898169517517,
      0.1266956627368927,
      0.11787018924951553,
      0.12168817222118378,
      0.1239047423005104,
      0.11764291673898697,
      0.11493121087551117,
      0.11487998068332672,
      0.11165697872638702,
      0.109122633934021,
      0.11163310706615448,
      0.10818688571453094,
      0.10677400231361389,
      0.11500440537929535,
      0.13008174300193787,
      0.10307377576828003
    ],
    "book": [
      0.10403288155794144,
      0.12240027636289597,
      0.1611754596233368,
      0.14365437626838684,
      0.13407458364963531,
      0.13685089349746704,
      0.14221791923046112,
      0.12156840413808823,
      0.13072389364242554,
      0.14871573448181152,
      0.12829118967056274,
      0.14221937954425812,
      0.15336810052394867,
      0.18751223385334015,
      0.14840078353881836,
      0.14266881346702576,
      0.16655811667442322,
      0.2304493933916092,
      0.1881188303232193,
      0.18757379055023193,
      0.16864661872386932,
      0.18719859421253204,
      0.17731958627700806,
      0.1806897670030594,
      0.1937926709651947,
      0.21462421119213104,
      0.2509176731109619,
      0.19490750133991241,
      0.24682310223579407,
      0.18062925338745117,
      0.20825138688087463,
      0.1533946394920349,
      0.1673538237810135,
      0.14650188386440277,
      0.14105327427387238,
      0.11996075510978699,
      0.11890614032745361,
      0.11910957098007202,
      0.11266440898180008,
      0.11010972410440445,
      0.10923240333795547,
      0.11401809006929398,
      0.11179639399051666,
      0.10848677158355713,
      0.11930966377258301,
      0.11900851130485535,
      0.1169055849313736,
      0.1136440634727478,
      0.10860180854797363,
      0.10906611382961273,
      0.10998035222291946,
      0.11311782151460648,
      0.10839104652404785,
      0.10835728049278259,
      0.11285986006259918,
      0.11912722140550613,
      0.10553855448961258
    ],
    "table": [
      0.1030222699046135,
      0.131048321723938,
      0.15639056265354156,
      0.13797369599342346,
      0.13905704021453857,
      0.1194395124912262,
      0.12060762941837311,
      0.11692330241203308,
      0.12780962884426117,
      0.12631124258041382,
      0.14250150322914124,
      0.12992066144943237,
      0.1591128259897232,
      0.14580267667770386,
      0.1342683732509613,
      0.12131582200527191,
      0.16593602299690247,
      0.16786161065101624,
      0.13522982597351074,
      0.22812673449516296,
      0.1663561463356018,
      0.19790084660053253,
      0.21386857330799103,
      0.19428442418575287,
      0.19511549174785614,
      0.2157893180847168,
      0.2539742588996887,
      0.2129022181034088,
      0.24537919461727142,
      0.2704140841960907,
      0.2849152088165283,
      0.20252537727355957,
      0.2248230278491974,
      0.22030125558376312,
      0.2002699077129364,
      0.17587780952453613,
      0.1576223373413086,
      0.16002707183361053,
      0.1358393281698227,
      0.12878578901290894,
      0.12323883920907974,
      0.13103154301643372,
      0.1259194165468216,
      0.11788985133171082,
      0.12658314406871796,
      0.13034100830554962,
      0.1198882907629013,
      0.11954035609960556,
      0.11867806315422058,
      0.11726171523332596,
      0.1160176545381546,
      0.12383013218641281,
      0.11395721137523651,
      0.1150575652718544,
      0.12281942367553711,
      0.12924307584762573,
      0.10368049889802933
    ]
  },
  "band": [
    17,
    19,
    21,
    25,
    26,
    28,
    29,
    30
  ],
  "n_double": 19
}