{
  "concepts": {
    "fish": [
      0.10293429344892502,
      0.11171033978462219,
      0.12249322235584259,
      0.215443953871727,
      0.17248325049877167,
      0.16168218851089478,
      0.12315820902585983,
      0.12734027206897736,
      0.18762357532978058,
      0.18313102424144745,
      0.15319353342056274,
      0.21632732450962067,
      0.17691031098365784,
      0.24232926964759827,
      0.20124711096286774,
      0.17869509756565094,
      0.24706806242465973,
      0.4548168182373047,
      0.23004814982414246,
      0.18650269508361816,
      0.18816906213760376,
      0.2839755117893219,
      0.3201216459274292,
      0.29797396063804626,
      0.20176129043102264,
      0.17093835771083832,
      0.2346659004688263,
      0.19795812666416168,
      0.22079500555992126,
      0.17905347049236298,
      0.19439518451690674,
      0.1496473103761673,
      0.15368078649044037,
      0.13022634387016296,
      0.12946717441082,
      0.12170480191707611,
      0.129081130027771,
      0.12225577235221863,
      0.11448517441749573,
      0.11627122759819031,
      0.11495623737573624,
      0.10824167728424072,
      0.11179270595312119,
      0.11010720580816269,
      0.11006239801645279,
      0.11019077152013779,
      0.12096936255693436,
      0.10693652927875519,
      0.10761137306690216,
      0.11042986065149307,
      0.10882369428873062,
      0.12125636637210846,
      0.11266737431287766,
      0.10645977407693863,
      0.11541576683521271,
      0.1427348256111145,
      0.10347218066453934
    ],
    "coral": [
      0.10345204174518585,
      0.11243797093629837,
      0.12108437716960907,
      0.21921256184577942,
      0.17404702305793762,
      0.16004402935504913,
      0.11683418601751328,
      0.12683787941932678,
      0.1852395385503769,
      0.20946188271045685,
      0.2186858057975769,
      0.21111516654491425,
      0.16659575700759888,
      0.22632600367069244,
      0.16059261560440063,
      0.14612677693367004,
      0.23104968667030334,
      0.32883045077323914,
      0.21671442687511444,
      0.20392562448978424,
      0.16226071119308472,
      0.24592459201812744,
      0.1807916909456253,
      0.21123233437538147,
      0.19685837626457214,
      0.187216654419899,
      0.20516270399093628,
      0.18129001557826996,
      0.19721826910972595,
      0.18808670341968536,
      0.17901299893856049,
      0.14787966012954712,
      0.16533879935741425,
      0.1546635925769806,
      0.18315552175045013,
      0.1429506540298462,
      0.13419774174690247,
      0.13097015023231506,
      0.12603148818016052,
      0.12065301090478897,
      0.11915388703346252,
      0.11186511069536209,
      0.11512958258390427,
      0.11348961293697357,
      0.11319051682949066,
      0.11334355920553207,
      0.12500792741775513,
      0.10767017304897308,
      0.10872004181146622,
      0.11420437693595886,
      0.1106841191649437,
      0.12474630028009415,
      0.11355867236852646,
      0.10600435733795166,
      0.11221283674240112,
      0.14490491151809692,
      0.1038261279463768
    ],
    "ocean": [
      0.10374940931797028,
      0.11300913989543915,
      0.1254098266363144,
      0.12309958785772324,
      0.1308894008398056,
      0.11613548547029495,
      0.11343944817781448,
      0.1210876852273941,
      0.14504660665988922,
      0.13702131807804108,
      0.13046494126319885,
      0.13286416232585907,
      0.14228703081607819,
      0.11947225779294968,
      0.1267767995595932,
      0.12996666133403778,
      0.13483697175979614,
      0.17575529217720032,
      0.1668953150510788,
      0.18331784009933472,
      0.1715213656425476,
      0.24733014404773712,
      0.18403267860412598,
      0.2291165143251419,
      0.18507865071296692,
      0.17288975417613983,
      0.2358243614435196,
      0.19069990515708923,
      0.1930815726518631,
      0.16823424398899078,
      0.22378762066364288,
      0.2137390673160553,
      0.21272265911102295,
      0.1937180757522583,
      0.21468324959278107,
      0.16664768755435944,
      0.15035277605056763,
      0.14468450844287872,
      0.13247999548912048,
      0.12463252991437912,
      0.12295427918434143,
      0.12071744352579117,
      0.12764506042003632,
      0.1224738210439682,
      0.13375923037528992,
      0.11248583346605301,
      0.12712763249874115,
      0.11293616145849228,
      0.12413768470287323,
      0.12005439400672913,
      0.11829844117164612,
      0.12239626049995422,
      0.11542972922325134,
      0.10766918212175369,
      0.11106457561254501,
      0.14445604383945465,
      0.10183870792388916
    ]
  },
  "band": [
    16,
    17,
    18,
    21,
    22,
    23,
    26,
    28
  ],
  "n_double": 19
}