{
  "cross_fraction": [
    0.005274106126004578,
    0.004679318512292714,
    0.013529565138886332,
    0.012849015425975571,
    0.013951246180871143,
    0.012087485864564465,
    0.011689557039062493,
    0.033555626849799104,
    0.0321695788843499,
    0.03039263870717453,
    0.02828837014628031,
    0.04951984359649941,
    0.037746497762176055,
    0.024720847084305813,
    0.06019789351800379,
    0.03291689015645716,
    0.0332728510935946,
    0.02890695201737496,
    0.11901912011914344,
    0.05880257562967017,
    0.08059807527267064,
    0.06028972950298339,
    0.07118548743892461,
    0.08048644671604659,
    0.0997941280171896,
    0.09761826791024457,
    0.10219330798524122,
    0.11680913739837706,
    0.08978502444612484,
    0.07745369248247395,
    0.09252823384789129,
    0.09167280808712046,
    0.059675587118060015,
    0.04264298621759129,
    0.043206226090357326,
    0.05202008318156004,
    0.05957181720683972,
    0.09252020980541904,
    0.07132871732270966,
    0.05023301383092379,
    0.055745063543630145,
    0.05825713680436214,
    0.052388647163752466,
    0.033861170057207346,
    0.06691952825834353,
    0.06918293235260838,
    0.05446735147347681,
    0.06301802491846804,
    0.07433213375043124,
    0.07779724367234546,
    0.08321895468300984,
    0.04020509711942092,
    0.05815318362632146,
    0.04845683459037294,
    0.06039073067950085,
    0.047327118903316055,
    0.034486869504083494
  ],
  "ii_entropy": [
    0.9974666759371758,
    0.8635356401403745,
    0.7214821496357521,
    0.7626426927745342,
    0.6290398010363182,
    0.7305042253186306,
    0.6862284100304047,
    0.6917847183843454,
    0.6139539654056231,
    0.7323240687449774,
    0.7527261798580488,
    0.7084788344800472,
    0.6921647849182287,
    0.6858204441765944,
    0.6015167068690062,
    0.4968810174614191,
    0.5782832652330399,
    0.559112719570597,
    0.6434088175495466,
    0.6471731178462505,
    0.6696898763378462,
    0.5854188054800034,
    0.5820822641253471,
    0.5916306575139364,
    0.5775343701243401,
    0.554200142621994,
    0.5102585939069589,
    0.510629940778017,
    0.5701944964627425,
    0.5831348821520805,
    0.5248289915422598,
    0.5855480718115965,
    0.6137253455817699,
    0.6059582407275835,
    0.647638738155365,
    0.6629666797816753,
    0.5765044478078684,
    0.6636863127350807,
    0.6934578120708466,
    0.7325219387809435,
    0.7141161610682806,
    0.6336906633029381,
    0.6694806727270285,
    0.7067455984652042,
    0.5970049283156792,
    0.7041892670094967,
    0.6585508175194263,
    0.6831817378600439,
    0.7761576076348623,
    0.7238809320454797,
    0.7759484235818187,
    0.7136277522270879,
    0.7897397074848413,
    0.7964690380419294,
    0.7886219611391425,
    0.8049791210020582,
    0.9561708768208822
  ],
  "ii_spread": [
    16.410285263548037,
    11.623812658168818,
    9.475008122520384,
    10.681369571827688,
    8.108796413915323,
    10.981971233335017,
    9.472794713958733,
    10.420368066111427,
    8.18624447470119,
    10.973584605839491,
    10.934519178514387,
    10.325260002295222,
    10.010165508392044,
    10.124725032604195,
    8.431525094434207,
    7.498853554365628,
    7.176916801236793,
    7.612507486611747,
    10.18726197955238,
    11.029085732541555,
    11.605558822103802,
    9.787722348291618,
    10.845728484715726,
    11.584213228446165,
    12.244762039564273,
    11.882191523866284,
    10.877017370301678,
    11.653651851477528,
    11.578674256943074,
    11.806558777994375,
    9.824258204232649,
    11.6236174796842,
    10.506113984718795,
    9.519077731708999,
    9.890827887803715,
    10.305194428704322,
    8.745649687529532,
    9.940571820420475,
    10.647190113034279,
    11.071135314956097,
    9.910979523574575,
    8.549685545355285,
    9.274215986648215,
    9.25065034158517,
    8.572953532827126,
    9.407499926912307,
    8.991308149896454,
    9.059936054095223,
    11.896610191169549,
    10.027096854466295,
    11.765730361752732,
    9.704688091925103,
    10.565693296033352,
    11.575428837964672,
    12.276396015448741,
    12.768370776875344,
    14.777547228860946
  ],
  "kinds": [
    "double",
    "double",
    "double",
    "double",
    "double",
    "double",
    "double",
    "double",
    "double",
    "double",
    "double",
    "double",
    "double",
    "double",
    "double",
    "double",
    "double",
    "double",
    "double",
    "single",
    "single",
    "single",
    "single",
    "single",
    "single",
    "single",
    "single",
    "single",
    "single",
    "single",
    "single",
    "single",
    "single",
    "single",
    "single",
    "single",
    "single",
    "single",
    "single",
    "single",
    "single",
    "single",
    "single",
    "single",
    "single",
    "single",
    "single",
    "single",
    "single",
    "single",
    "single",
    "single",
    "single",
    "single",
    "single",
    "single",
    "single"
  ],
  "n_double": 19,
  "best_layers": [
    15,
    17,
    16,
    4,
    8
  ]
}