{
  "concept": "dragon",
  "direction": "dragon",
  "control_random": false,
  "band": [
    19,
    20,
    21,
    22,
    23,
    24,
    25,
    26
  ],
  "mode": "project",
  "region_rc": [
    10,
    10,
    20,
    20
  ],
  "results": [
    {
      "alpha": 0.0,
      "delta_in": 0.0,
      "delta_out": 0.0,
      "ratio": 0.0
    },
    {
      "alpha": 1.0,
      "delta_in": 25.04206657409668,
      "delta_out": 6.0262932777404785,
      "ratio": 4.155466928755104
    },
    {
      "alpha": 2.0,
      "delta_in": 37.83466720581055,
      "delta_out": 8.786397933959961,
      "ratio": 4.306049325802552
    },
    {
      "alpha": 4.0,
      "delta_in": 43.25214385986328,
      "delta_out": 12.63821792602539,
      "ratio": 3.422329057047416
    }
  ]
}