{
  "concepts": {
    "cat": [
      0.10219749808311462,
      0.1144924983382225,
      0.14313167333602905,
      0.1280992180109024,
      0.12761372327804565,
      0.11540668457746506,
      0.11630228906869888,
      0.1283806711435318,
      0.13734784722328186,
      0.2736801207065582,
      0.1624206155538559,
      0.19298268854618073,
      0.13369819521903992,
      0.2181682139635086,
      0.18248997628688812,
      0.1638462096452713,
      0.1905817836523056,
      0.38852977752685547,
      0.1841282844543457,
      0.18344718217849731,
      0.18925228714942932,
      0.29668185114860535,
      0.2133224457502365,
      0.18251961469650269,
      0.2360820174217224,
      0.28249815106391907,
      0.2712913751602173,
      0.27101296186447144,
      0.35266631841659546,
      0.2231072187423706,
      0.23474553227424622,
      0.14866521954536438,
      0.17520931363105774,
      0.13192513585090637,
      0.13703766465187073,
      0.13180358707904816,
      0.13841012120246887,
      0.12173808366060257,
      0.11410065740346909,
      0.11317966133356094,
      0.11229614913463593,
      0.11521939933300018,
      0.12037166208028793,
      0.10984443128108978,
      0.11292710900306702,
      0.113790363073349,
      0.10994419455528259,
      0.10676229745149612,
      0.11015333235263824,
      0.10796580463647842,
      0.10899514704942703,
      0.10622289031744003,
      0.10573340952396393,
      0.10670410841703415,
      0.11476560682058334,
      0.12039915472269058,
      0.10188919305801392
    ],
    "grass": [
      0.1024247482419014,
      0.11459062993526459,
      0.14400723576545715,
      0.12826362252235413,
      0.1326252520084381,
      0.12114488333463669,
      0.12402822077274323,
      0.1192806139588356,
      0.1452205330133438,
      0.17085875570774078,
      0.1474074125289917,
      0.14298121631145477,
      0.13347502052783966,
      0.17543523013591766,
      0.14808011054992676,
      0.1220894530415535,
      0.16215772926807404,
      0.1992412507534027,
      0.12690076231956482,
      0.1823715716600418,
      0.17369848489761353,
      0.20697231590747833,
      0.20632220804691315,
      0.2004755586385727,
      0.23564715683460236,
      0.26499003171920776,
      0.30744269490242004,
      0.2651597857475281,
      0.2666589617729187,
      0.2628438174724579,
      0.22732406854629517,
      0.2230345457792282,
      0.24078117311000824,
      0.18239066004753113,
      0.16685751080513,
      0.15884745121002197,
      0.14269351959228516,
      0.15292933583259583,
      0.12401704490184784,
      0.11589876562356949,
      0.11593924462795258,
      0.1172274574637413,
      0.11523914337158203,
      0.11253932863473892,
      0.1154162585735321,
      0.11220438033342361,
      0.11390617489814758,
      0.109324611723423,
      0.11465580761432648,
      0.10911611467599869,
      0.11171194165945053,
      0.10646349936723709,
      0.10636010766029358,
      0.10647230595350266,
      0.11426827311515808,
      0.12012398988008499,
      0.10201402753591537
    ],
    "tree": [
      0.10216832160949707,
      0.1169351264834404,
      0.1452590674161911,
      0.12927132844924927,
      0.1370086818933487,
      0.11702330410480499,
      0.12295848876237869,
      0.12728208303451538,
      0.14366866648197174,
      0.12944744527339935,
      0.15353819727897644,
      0.1476648598909378,
      0.1434316486120224,
      0.14333151280879974,
      0.12958770990371704,
      0.143935427069664,
      0.15696893632411957,
      0.1918511837720871,
      0.13362179696559906,
      0.20399373769760132,
      0.17942708730697632,
      0.220620259642601,
      0.24322277307510376,
      0.1841229498386383,
      0.21753719449043274,
      0.24221652746200562,
      0.23017042875289917,
      0.19572173058986664,
      0.2516965866088867,
      0.21619480848312378,
      0.19852465391159058,
      0.1830175220966339,
      0.1838420182466507,
      0.1627362221479416,
      0.16267414391040802,
      0.14188489317893982,
      0.13311903178691864,
      0.12829738855361938,
      0.11665486544370651,
      0.11401933431625366,
      0.1103292778134346,
      0.11489531397819519,
      0.11920569837093353,
      0.11029569804668427,
      0.11394819617271423,
      0.11325649917125702,
      0.10950098186731339,
      0.10772198438644409,
      0.11008968204259872,
      0.10890261083841324,
      0.10759268701076508,
      0.10673919320106506,
      0.10632870346307755,
      0.10699424892663956,
      0.1141338124871254,
      0.12228482961654663,
      0.102773018181324
    ],
    "sky": [
      0.1023450717329979,
      0.1144123375415802,
      0.14371617138385773,
      0.12638282775878906,
      0.15216870605945587,
      0.12121749669313431,
      0.12009942531585693,
      0.124736487865448,
      0.1379190981388092,
      0.16020669043064117,
      0.16086915135383606,
      0.16923612356185913,
      0.1578746885061264,
      0.17359493672847748,
      0.16145536303520203,
      0.13966703414916992,
      0.17988504469394684,
      0.2320491075515747,
      0.14808271825313568,
      0.21151414513587952,
      0.2220684289932251,
      0.29914361238479614,
      0.3035822808742523,
      0.2259046584367752,
      0.26813170313835144,
      0.34233376383781433,
      0.31927064061164856,
      0.3009887933731079,
      0.2944502532482147,
      0.29852294921875,
      0.24235881865024567,
      0.2059781700372696,
      0.24566322565078735,
      0.18902751803398132,
      0.2249925434589386,
      0.1722928136587143,
      0.14924858510494232,
      0.1648237407207489,
      0.11923009157180786,
      0.11266516149044037,
      0.11304526776075363,
      0.11196622252464294,
      0.11398285627365112,
      0.11275295913219452,
      0.11075829714536667,
      0.11371069401502609,
      0.11200933158397675,
      0.10833863914012909,
      0.11468760669231415,
      0.10943060368299484,
      0.110219307243824,
      0.10806438326835632,
      0.108749620616436,
      0.10986407101154327,
      0.11419162899255753,
      0.12121666967868805,
      0.10128501802682877
    ]
  },
  "band": [
    17,
    21,
    22,
    25,
    26,
    27,
    28,
    29
  ],
  "n_double": 19
}