{
  "concepts": {
    "cat": [
      0.10248751193284988,
      0.1153097078204155,
      0.13390259444713593,
      0.1365334838628769,
      0.16307376325130463,
      0.1528102159500122,
      0.13284125924110413,
      0.14627256989479065,
      0.1516340970993042,
      0.24174296855926514,
      0.19347897171974182,
      0.19220660626888275,
      0.20442238450050354,
      0.2695658802986145,
      0.18777388334274292,
      0.18391956388950348,
      0.24251648783683777,
      0.31155645847320557,
      0.24079583585262299,
      0.25624069571495056,
      0.24600258469581604,
      0.26807546615600586,
      0.20536133646965027,
      0.21777455508708954,
      0.4297104477882385,
      0.4007723927497864,
      0.4149285852909088,
      0.29885244369506836,
      0.2801567316055298,
      0.22023676335811615,
      0.2632021903991699,
      0.17296503484249115,
      0.1906302571296692,
      0.153946191072464,
      0.1569695621728897,
      0.13541384041309357,
      0.12913204729557037,
      0.1310298591852188,
      0.11406406760215759,
      0.11248178035020828,
      0.11364720016717911,
      0.109013132750988,
      0.11423022300004959,
      0.11129255592823029,
      0.11285655945539474,
      0.11238138377666473,
      0.11813557147979736,
      0.10694035142660141,
      0.10781444609165192,
      0.10697153210639954,
      0.10591410845518112,
      0.10954806208610535,
      0.10558060556650162,
      0.10725650936365128,
      0.11688276380300522,
      0.11435261368751526,
      0.10551882535219193
    ],
    "table": [
      0.10342665016651154,
      0.11559837311506271,
      0.13400785624980927,
      0.1265205591917038,
      0.14525477588176727,
      0.12595680356025696,
      0.12825711071491241,
      0.11685265600681305,
      0.12316218763589859,
      0.1502649337053299,
      0.1263924390077591,
      0.13811726868152618,
      0.1669064462184906,
      0.15528857707977295,
      0.1475483626127243,
      0.13729608058929443,
      0.16498593986034393,
      0.18630947172641754,
      0.138388529419899,
      0.1914358139038086,
      0.17581559717655182,
      0.1748058795928955,
      0.16976487636566162,
      0.16808992624282837,
      0.17085087299346924,
      0.20776045322418213,
      0.20381009578704834,
      0.1948697566986084,
      0.20287805795669556,
      0.18107226490974426,
      0.24257810413837433,
      0.18299606442451477,
      0.1919911503791809,
      0.17781411111354828,
      0.16534742712974548,
      0.15542156994342804,
      0.14789515733718872,
      0.1333097666501999,
      0.12829889357089996,
      0.12070100754499435,
      0.11171742528676987,
      0.11945157498121262,
      0.12167369574308395,
      0.11233478039503098,
      0.11606872826814651,
      0.11321207880973816,
      0.11049415916204453,
      0.10741345584392548,
      0.11321581155061722,
      0.11090512573719025,
      0.10880647599697113,
      0.10979852825403214,
      0.10704148560762405,
      0.10943882912397385,
      0.11766436696052551,
      0.12432543188333511,
      0.10577396303415298
    ]
  },
  "band": [
    17,
    19,
    24,
    25,
    26,
    27,
    28,
    30
  ],
  "n_double": 19
}