{
  "concepts": {
    "boat": [
      0.10283172130584717,
      0.10637261718511581,
      0.11670999974012375,
      0.1359909176826477,
      0.13788540661334991,
      0.133489727973938,
      0.12570640444755554,
      0.13072173297405243,
      0.16171224415302277,
      0.23279255628585815,
      0.16216790676116943,
      0.22747984528541565,
      0.18813474476337433,
      0.19783437252044678,
      0.12641751766204834,
      0.16191783547401428,
      0.19887007772922516,
      0.3278382420539856,
      0.1751384288072586,
      0.3492078483104706,
      0.21104703843593597,
      0.24350178241729736,
      0.19166870415210724,
      0.1927029937505722,
      0.22870178520679474,
      0.26045286655426025,
      0.27310654520988464,
      0.24684064090251923,
      0.3659578561782837,
      0.18224778771400452,
      0.24950937926769257,
      0.17627324163913727,
      0.20005114376544952,
      0.17518223822116852,
      0.2120746672153473,
      0.15262149274349213,
      0.13911855220794678,
      0.13287793099880219,
      0.11571645736694336,
      0.11517243087291718,
      0.11971131712198257,
      0.1163310781121254,
      0.12139824032783508,
      0.11544540524482727,
      0.11693074554204941,
      0.1146678552031517,
      0.11516885459423065,
      0.11044483631849289,
      0.11638867110013962,
      0.11381563544273376,
      0.1107754334807396,
      0.11031202226877213,
      0.10748083144426346,
      0.10758394002914429,
      0.11283160001039505,
      0.12169741839170456,
      0.10358559340238571
    ],
    "lake": [
      0.10350233316421509,
      0.1068507581949234,
      0.11634019762277603,
      0.12399325519800186,
      0.13601544499397278,
      0.12493152171373367,
      0.11621863394975662,
      0.11674338579177856,
      0.12632399797439575,
      0.22034455835819244,
      0.1314028650522232,
      0.1647033989429474,
      0.17823489010334015,
      0.13248911499977112,
      0.12174194306135178,
      0.14519242942333221,
      0.1503877341747284,
      0.13900311291217804,
      0.1273299902677536,
      0.15995380282402039,
      0.1376500427722931,
      0.13527776300907135,
      0.13599295914173126,
      0.14560362696647644,
      0.14283233880996704,
      0.16587229073047638,
      0.184379443526268,
      0.19548390805721283,
      0.16984416544437408,
      0.17358124256134033,
      0.20949125289916992,
      0.17840363085269928,
      0.174920454621315,
      0.1536460965871811,
      0.15371175110340118,
      0.13528238236904144,
      0.13170504570007324,
      0.1174967885017395,
      0.11289916187524796,
      0.11132600158452988,
      0.11228993535041809,
      0.11498547345399857,
      0.11691460013389587,
      0.11148704588413239,
      0.1140514388680458,
      0.11135446280241013,
      0.11153898388147354,
      0.10849741101264954,
      0.10958527028560638,
      0.10941344499588013,
      0.10548656433820724,
      0.1085420697927475,
      0.10603126138448715,
      0.10701631009578705,
      0.1117485910654068,
      0.12423905730247498,
      0.1045619323849678
    ],
    "mountain": [
      0.10357999801635742,
      0.10839210450649261,
      0.11704622954130173,
      0.12251505255699158,
      0.12717624008655548,
      0.11543942242860794,
      0.11597935855388641,
      0.11217690259218216,
      0.11594931036233902,
      0.19322606921195984,
      0.16562168300151825,
      0.17083851993083954,
      0.16366612911224365,
      0.1864909529685974,
      0.12215530872344971,
      0.12888401746749878,
      0.1976042091846466,
      0.2007542997598648,
      0.12706276774406433,
      0.1446056067943573,
      0.13622668385505676,
      0.1759154498577118,
      0.14619080722332,
      0.197243332862854,
      0.17967760562896729,
      0.22474735975265503,
      0.21258649230003357,
      0.2146419882774353,
      0.28237634897232056,
      0.23850445449352264,
      0.2156243920326233,
      0.205575630068779,
      0.18689747154712677,
      0.16397884488105774,
      0.1578911542892456,
      0.1398187279701233,
      0.13007870316505432,
      0.1318337768316269,
      0.11617511510848999,
      0.11222241818904877,
      0.11174963414669037,
      0.11448478698730469,
      0.11583706736564636,
      0.11230657994747162,
      0.11420692503452301,
      0.11128990352153778,
      0.11085114628076553,
      0.10813833773136139,
      0.10867150872945786,
      0.10834851861000061,
      0.10676867514848709,
      0.10889093577861786,
      0.1061931774020195,
      0.10771618783473969,
      0.11265396326780319,
      0.12562833726406097,
      0.10407110303640366
    ]
  },
  "band": [
    9,
    17,
    19,
    25,
    26,
    27,
    28,
    30
  ],
  "n_double": 19
}