{
  "concept": "dragon",
  "band": [
    19,
    20,
    21,
    22,
    23,
    24,
    25,
    26
  ],
  "mode": "add",
  "region_rc": [
    10,
    10,
    20,
    20
  ],
  "results": [
    {
      "alpha": 0.0,
      "delta_in": 0.0,
      "delta_out": 0.0,
      "ratio": 0.0
    },
    {
      "alpha": 4.0,
      "delta_in": 9.989055633544922,
      "delta_out": 2.834031343460083,
      "ratio": 3.5246794753757955
    },
    {
      "alpha": 8.0,
      "delta_in": 13.616250991821289,
      "delta_out": 3.781839609146118,
      "ratio": 3.60042963177542
    },
    {
      "alpha": 16.0,
      "delta_in": 17.361021041870117,
      "delta_out": 5.285892963409424,
      "ratio": 3.284405847345486
    }
  ]
}