{
  "score_full": [
    0.1028,
    0.112,
    0.1339,
    0.144,
    0.1403,
    0.1259,
    0.125,
    0.1213,
    0.1429,
    0.2001,
    0.1605,
    0.1612,
    0.1568,
    0.1696,
    0.1456,
    0.1476,
    0.168,
    0.2407,
    0.1519,
    0.2419,
    0.194,
    0.2113,
    0.2068,
    0.1896,
    0.2205,
    0.2604,
    0.2304,
    0.2238,
    0.2508,
    0.1966,
    0.2099,
    0.1794,
    0.1947,
    0.1603,
    0.1687,
    0.146,
    0.1331,
    0.1346,
    0.1178,
    0.1117,
    0.112,
    0.1122,
    0.116,
    0.1102,
    0.1183,
    0.1139,
    0.1144,
    0.1092,
    0.1122,
    0.1103,
    0.1106,
    0.1119,
    0.1077,
    0.1072,
    0.1151,
    0.1184,
    0.1024
  ],
  "score_high": [
    0.1028,
    0.1119,
    0.1304,
    0.1287,
    0.1227,
    0.1131,
    0.1136,
    0.1122,
    0.1262,
    0.118,
    0.1253,
    0.1189,
    0.1222,
    0.1243,
    0.1255,
    0.1278,
    0.1305,
    0.1331,
    0.1185,
    0.131,
    0.1263,
    0.1442,
    0.1309,
    0.126,
    0.1257,
    0.1271,
    0.1369,
    0.1323,
    0.126,
    0.1231,
    0.1399,
    0.1217,
    0.1211,
    0.1255,
    0.1242,
    0.1152,
    0.117,
    0.1125,
    0.1083,
    0.1056,
    0.1044,
    0.1074,
    0.1049,
    0.1051,
    0.1082,
    0.1048,
    0.1095,
    0.1064,
    0.1028,
    0.1051,
    0.1023,
    0.107,
    0.1028,
    0.1058,
    0.1096,
    0.1158,
    0.1015
  ],
  "score_low": [
    0.101,
    0.1014,
    0.106,
    0.1321,
    0.1137,
    0.1209,
    0.1214,
    0.1157,
    0.1301,
    0.1771,
    0.1554,
    0.1598,
    0.1624,
    0.1718,
    0.1312,
    0.1239,
    0.1299,
    0.203,
    0.1514,
    0.1657,
    0.1661,
    0.1716,
    0.1415,
    0.1408,
    0.1455,
    0.1559,
    0.1298,
    0.1359,
    0.1841,
    0.1628,
    0.1276,
    0.1355,
    0.174,
    0.1357,
    0.1524,
    0.135,
    0.1255,
    0.1287,
    0.1149,
    0.1104,
    0.1125,
    0.1105,
    0.1132,
    0.1101,
    0.1156,
    0.1133,
    0.1129,
    0.1069,
    0.1103,
    0.1094,
    0.1106,
    0.1106,
    0.1097,
    0.1044,
    0.1107,
    0.1027,
    0.102
  ],
  "band": [
    19,
    20,
    21,
    22,
    23,
    24,
    25,
    26,
    27,
    28,
    29,
    30
  ],
  "band_mean": {
    "full": 0.21967409799496332,
    "high": 0.13077871299659213,
    "low": 0.15227901578570405
  },
  "spatial_only": true
}