{
  "concept": "dragon",
  "direction": "dragon",
  "control_random": false,
  "band": [
    8,
    9,
    10,
    11,
    12,
    13,
    14,
    15,
    16,
    17,
    18,
    19,
    20,
    21,
    22,
    23,
    24,
    25,
    26,
    27,
    28,
    29,
    30,
    31,
    32,
    33,
    34,
    35,
    36,
    37,
    38,
    39,
    40,
    41,
    42,
    43,
    44,
    45,
    46,
    47,
    48
  ],
  "mode": "add",
  "region_rc": [
    10,
    10,
    20,
    20
  ],
  "results": [
    {
      "alpha": 0.0,
      "delta_in": 0.0,
      "delta_out": 0.0,
      "ratio": 0.0
    },
    {
      "alpha": 4.0,
      "delta_in": 12.907865524291992,
      "delta_out": 2.8254921436309814,
      "ratio": 4.56835846633992
    },
    {
      "alpha": 8.0,
      "delta_in": 21.447195053100586,
      "delta_out": 4.2899885177612305,
      "ratio": 4.999358381717678
    }
  ]
}