{
  "concepts": {
    "car": [
      0.10187163203954697,
      0.1071125939488411,
      0.1266084760427475,
      0.12239357084035873,
      0.12424995005130768,
      0.12944941222667694,
      0.12039700895547867,
      0.12536802887916565,
      0.11908913403749466,
      0.17674484848976135,
      0.12318693101406097,
      0.14789743721485138,
      0.1341211348772049,
      0.1698107272386551,
      0.13011272251605988,
      0.1705242097377777,
      0.22957853972911835,
      0.24604804813861847,
      0.17089852690696716,
      0.3292608857154846,
      0.15365329384803772,
      0.23555590212345123,
      0.17106886208057404,
      0.1659187376499176,
      0.26386377215385437,
      0.29348480701446533,
      0.3287310302257538,
      0.2245444357395172,
      0.31956347823143005,
      0.17992141842842102,
      0.20813894271850586,
      0.16006509959697723,
      0.15005919337272644,
      0.13506922125816345,
      0.1542019546031952,
      0.13643351197242737,
      0.13216426968574524,
      0.1187218725681305,
      0.1199481412768364,
      0.12004737555980682,
      0.11633817106485367,
      0.11927691102027893,
      0.12293987721204758,
      0.11764941364526749,
      0.11910825967788696,
      0.12128487229347229,
      0.11663283407688141,
      0.11548808962106705,
      0.11482463032007217,
      0.11141034960746765,
      0.11278116703033447,
      0.10973187536001205,
      0.10860342532396317,
      0.10917110741138458,
      0.12472555041313171,
      0.1267598420381546,
      0.10413628071546555
    ],
    "street": [
      0.10149775445461273,
      0.10840430110692978,
      0.12429127097129822,
      0.11894824355840683,
      0.1276904046535492,
      0.11955296993255615,
      0.11578942835330963,
      0.11878001689910889,
      0.12174670398235321,
      0.14541062712669373,
      0.12493836134672165,
      0.13667641580104828,
      0.13701291382312775,
      0.1376422941684723,
      0.137281596660614,
      0.14382807910442352,
      0.14306776225566864,
      0.14154450595378876,
      0.1274898797273636,
      0.20497405529022217,
      0.2172294557094574,
      0.14930573105812073,
      0.14998145401477814,
      0.15995614230632782,
      0.17960579693317413,
      0.21462729573249817,
      0.32530632615089417,
      0.22400067746639252,
      0.36857423186302185,
      0.24997462332248688,
      0.19801554083824158,
      0.17740227282047272,
      0.16649740934371948,
      0.15076476335525513,
      0.16308674216270447,
      0.14191904664039612,
      0.13605690002441406,
      0.12630192935466766,
      0.12102969735860825,
      0.11581765860319138,
      0.1147698312997818,
      0.1196083351969719,
      0.1211152970790863,
      0.11772891134023666,
      0.12105569988489151,
      0.11793157458305359,
      0.11948056519031525,
      0.11858983337879181,
      0.1138351708650589,
      0.11181614547967911,
      0.11173383891582489,
      0.11334208399057388,
      0.11168930679559708,
      0.11144158989191055,
      0.12821072340011597,
      0.11936682462692261,
      0.10273709148168564
    ],
    "building": [
      0.10136615484952927,
      0.10731977969408035,
      0.12510459125041962,
      0.11936897784471512,
      0.1298532336950302,
      0.12343686819076538,
      0.11729191988706589,
      0.12377050518989563,
      0.1257166713476181,
      0.13536113500595093,
      0.1302669495344162,
      0.137260302901268,
      0.13825084269046783,
      0.13260440528392792,
      0.1456829309463501,
      0.13357405364513397,
      0.14433003962039948,
      0.15356074273586273,
      0.13077549636363983,
      0.18315653502941132,
      0.17801238596439362,
      0.15871404111385345,
      0.1704440861940384,
      0.16191403567790985,
      0.1546541452407837,
      0.1592438817024231,
      0.16967366635799408,
      0.17043361067771912,
      0.1814683973789215,
      0.18491093814373016,
      0.16936054825782776,
      0.16421842575073242,
      0.15534478425979614,
      0.1362088918685913,
      0.14646701514720917,
      0.13196521997451782,
      0.13020668923854828,
      0.11753768473863602,
      0.12129339575767517,
      0.1200232058763504,
      0.11542834341526031,
      0.11909551173448563,
      0.12175819277763367,
      0.11978691071271896,
      0.11754454672336578,
      0.12378650903701782,
      0.11707374453544617,
      0.11722198128700256,
      0.11642532795667648,
      0.11220934242010117,
      0.11424321681261063,
      0.10867469757795334,
      0.10870007425546646,
      0.10905205458402634,
      0.12417909502983093,
      0.11982113122940063,
      0.10352811217308044
    ]
  },
  "band": [
    19,
    24,
    25,
    26,
    27,
    28,
    29,
    30
  ],
  "n_double": 19
}