{
  "concepts": {
    "river": [
      0.10205911099910736,
      0.10686855018138885,
      0.12382909655570984,
      0.12158963084220886,
      0.12181878089904785,
      0.11139538139104843,
      0.11141788214445114,
      0.11338376253843307,
      0.14118169248104095,
      0.14965777099132538,
      0.136078879237175,
      0.15619266033172607,
      0.1347941756248474,
      0.13563327491283417,
      0.11941152065992355,
      0.12326522916555405,
      0.17663583159446716,
      0.16913986206054688,
      0.11970715969800949,
      0.14362438023090363,
      0.15762117505073547,
      0.19505296647548676,
      0.14835023880004883,
      0.1647043526172638,
      0.1559150516986847,
      0.2357862889766693,
      0.2757405936717987,
      0.2995317876338959,
      0.23940780758857727,
      0.2586243152618408,
      0.23309339582920074,
      0.16044187545776367,
      0.20322363078594208,
      0.14166566729545593,
      0.1503797173500061,
      0.12582461535930634,
      0.13063883781433105,
      0.11435531079769135,
      0.11282587796449661,
      0.1105692982673645,
      0.11072641611099243,
      0.10999485850334167,
      0.12086327373981476,
      0.11038945615291595,
      0.11823467910289764,
      0.11462503671646118,
      0.10783572494983673,
      0.1063186451792717,
      0.10590748488903046,
      0.10672450065612793,
      0.10461483895778656,
      0.10538634657859802,
      0.1045224741101265,
      0.10473544895648956,
      0.10796352475881577,
      0.11584394425153732,
      0.10132427513599396
    ],
    "mountain": [
      0.10304523259401321,
      0.10663344711065292,
      0.12537968158721924,
      0.12677913904190063,
      0.12709471583366394,
      0.1097542867064476,
      0.1112314909696579,
      0.11062555015087128,
      0.114986352622509,
      0.13077692687511444,
      0.14112982153892517,
      0.13559573888778687,
      0.1505943387746811,
      0.15102902054786682,
      0.12496663630008698,
      0.12169632315635681,
      0.1648399978876114,
      0.1798401176929474,
      0.13752616941928864,
      0.15906748175621033,
      0.1444632112979889,
      0.18025653064250946,
      0.19748558104038239,
      0.16837386786937714,
      0.18307283520698547,
      0.20590734481811523,
      0.27343982458114624,
      0.2534934878349304,
      0.25189825892448425,
      0.2140246331691742,
      0.2045041024684906,
      0.16767258942127228,
      0.18391944468021393,
      0.15359888970851898,
      0.14971745014190674,
      0.14113861322402954,
      0.12333885580301285,
      0.12065955251455307,
      0.11460291594266891,
      0.10978341102600098,
      0.10835612565279007,
      0.1089632660150528,
      0.11856187134981155,
      0.10910256952047348,
      0.11256399750709534,
      0.11349130421876907,
      0.10802146792411804,
      0.10671637207269669,
      0.10561336576938629,
      0.10674358904361725,
      0.10515052080154419,
      0.10477395355701447,
      0.10452097654342651,
      0.10602962225675583,
      0.10906904935836792,
      0.11548195779323578,
      0.10141855478286743
    ],
    "valley": [
      0.10306787490844727,
      0.10682185739278793,
      0.12690073251724243,
      0.13406352698802948,
      0.12755779922008514,
      0.11029666662216187,
      0.11133071780204773,
      0.10985129326581955,
      0.11488895863294601,
      0.1328681856393814,
      0.13363520801067352,
      0.1413227766752243,
      0.1403241902589798,
      0.1404210329055786,
      0.12182826548814774,
      0.12378453463315964,
      0.1454860419034958,
      0.15685336291790009,
      0.13939955830574036,
      0.14575721323490143,
      0.14246684312820435,
      0.15254969894886017,
      0.16625964641571045,
      0.167504221200943,
      0.14673678576946259,
      0.14660221338272095,
      0.16471758484840393,
      0.17123471200466156,
      0.17579913139343262,
      0.18961231410503387,
      0.1611526608467102,
      0.16744646430015564,
      0.18230298161506653,
      0.15729060769081116,
      0.14898140728473663,
      0.14005452394485474,
      0.1272566020488739,
      0.12687182426452637,
      0.1154538169503212,
      0.1095016598701477,
      0.10789281874895096,
      0.10769619792699814,
      0.11078578978776932,
      0.10856469720602036,
      0.10895692557096481,
      0.10956064611673355,
      0.10784293711185455,
      0.10658574104309082,
      0.10678470879793167,
      0.10678490996360779,
      0.10548045486211777,
      0.10524240136146545,
      0.10446399450302124,
      0.10652633756399155,
      0.10955389589071274,
      0.11472563445568085,
      0.10122203826904297
    ],
    "tree": [
      0.12105308473110199,
      0.10596738755702972,
      0.12810660898685455,
      0.13540714979171753,
      0.12169897556304932,
      0.11210277676582336,
      0.11207651346921921,
      0.11322332918643951,
      0.14432105422019958,
      0.13179801404476166,
      0.1364748179912567,
      0.11940694600343704,
      0.13001303374767303,
      0.16172698140144348,
      0.13614876568317413,
      0.11876481771469116,
      0.13370658457279205,
      0.16252501308918,
      0.13859045505523682,
      0.1790636032819748,
      0.16260886192321777,
      0.18193092942237854,
      0.19159311056137085,
      0.1629905253648758,
      0.19143971800804138,
      0.1975611001253128,
      0.21005596220493317,
      0.19475451111793518,
      0.20121972262859344,
      0.22188380360603333,
      0.17699049413204193,
      0.16281895339488983,
      0.17999909818172455,
      0.15961264073848724,
      0.16658876836299896,
      0.15341585874557495,
      0.13180576264858246,
      0.13029509782791138,
      0.11845304071903229,
      0.11126326769590378,
      0.1129145398736,
      0.11139596998691559,
      0.11934858560562134,
      0.1125328466296196,
      0.11565381288528442,
      0.11634008586406708,
      0.11041933298110962,
      0.10812383145093918,
      0.10947874933481216,
      0.10948412120342255,
      0.10879825055599213,
      0.10735681653022766,
      0.10659247636795044,
      0.10562058538198471,
      0.11041175574064255,
      0.11269879341125488,
      0.1014263778924942
    ]
  },
  "band": [
    21,
    25,
    26,
    27,
    28,
    29,
    30,
    32
  ],
  "n_double": 19
}