{
  "concepts": {
    "person": [
      0.10098940879106522,
      0.1143493503332138,
      0.1211591586470604,
      0.13174399733543396,
      0.12645143270492554,
      0.13512061536312103,
      0.11652582138776779,
      0.11946220695972443,
      0.1234457939863205,
      0.17902864515781403,
      0.13554666936397552,
      0.14128179848194122,
      0.1319875866174698,
      0.1299440562725067,
      0.11895013600587845,
      0.13426648080348969,
      0.153988316655159,
      0.23287001252174377,
      0.13734646141529083,
      0.21819187700748444,
      0.17939113080501556,
      0.2402454912662506,
      0.28823381662368774,
      0.18701308965682983,
      0.24145278334617615,
      0.5251161456108093,
      0.3188045918941498,
      0.35653117299079895,
      0.6267728805541992,
      0.3533232510089874,
      0.3747502863407135,
      0.2305528074502945,
      0.25002774596214294,
      0.2060360610485077,
      0.18170100450515747,
      0.15397882461547852,
      0.13715144991874695,
      0.1354389786720276,
      0.11691392958164215,
      0.11074899882078171,
      0.11526834964752197,
      0.11262505501508713,
      0.11433988809585571,
      0.11530511826276779,
      0.11290858685970306,
      0.11508107930421829,
      0.12100371718406677,
      0.11278864741325378,
      0.12215885519981384,
      0.11233025789260864,
      0.10981602966785431,
      0.11356252431869507,
      0.10901279747486115,
      0.10843639075756073,
      0.11239590495824814,
      0.11791031062602997,
      0.1025485023856163
    ],
    "beach": [
      0.10345515608787537,
      0.11362138390541077,
      0.12007862329483032,
      0.11717872321605682,
      0.12617461383342743,
      0.1355047971010208,
      0.12030574679374695,
      0.11684347689151764,
      0.13167989253997803,
      0.1623590737581253,
      0.14202900230884552,
      0.151630237698555,
      0.1536404937505722,
      0.15570242702960968,
      0.12349765002727509,
      0.13915111124515533,
      0.13348783552646637,
      0.15161925554275513,
      0.1330164670944214,
      0.20054446160793304,
      0.1391426920890808,
      0.15566198527812958,
      0.1438523232936859,
      0.15077438950538635,
      0.1666957139968872,
      0.2052038460969925,
      0.20507606863975525,
      0.18722589313983917,
      0.22199837863445282,
      0.18726295232772827,
      0.19058701395988464,
      0.16186046600341797,
      0.16922155022621155,
      0.14143915474414825,
      0.16182583570480347,
      0.13503703474998474,
      0.1298019140958786,
      0.1347583532333374,
      0.11753307282924652,
      0.10998474061489105,
      0.11225634813308716,
      0.11414112895727158,
      0.11738453805446625,
      0.11263048648834229,
      0.11366129666566849,
      0.11244719475507736,
      0.11875061690807343,
      0.10977977514266968,
      0.11793327331542969,
      0.10897836834192276,
      0.10558532923460007,
      0.1118510365486145,
      0.10836527496576309,
      0.1071411594748497,
      0.11355171352624893,
      0.11915711313486099,
      0.10301081091165543
    ],
    "ocean": [
      0.10418185591697693,
      0.11479371786117554,
      0.1213906928896904,
      0.112764872610569,
      0.12190201133489609,
      0.12147931009531021,
      0.1131160706281662,
      0.11260271817445755,
      0.12323786318302155,
      0.14453686773777008,
      0.13834677636623383,
      0.1420077383518219,
      0.14181190729141235,
      0.1513725072145462,
      0.12199438363313675,
      0.13573311269283295,
      0.1293899118900299,
      0.1531650424003601,
      0.13590820133686066,
      0.13580051064491272,
      0.12328308075666428,
      0.14399376511573792,
      0.15034839510917664,
      0.14564605057239532,
      0.16653379797935486,
      0.20732539892196655,
      0.21465690433979034,
      0.22140824794769287,
      0.23211979866027832,
      0.19644148647785187,
      0.20569448173046112,
      0.1597539633512497,
      0.16850288212299347,
      0.1354876160621643,
      0.13955220580101013,
      0.13503451645374298,
      0.12314902991056442,
      0.1432795524597168,
      0.11501340568065643,
      0.11076396703720093,
      0.11030063778162003,
      0.11319979280233383,
      0.11480137705802917,
      0.11031609028577805,
      0.11005493253469467,
      0.10903152823448181,
      0.10907407850027084,
      0.106727734208107,
      0.11138448864221573,
      0.10674348473548889,
      0.10603033751249313,
      0.10620860755443573,
      0.10373152792453766,
      0.10572192817926407,
      0.10995634645223618,
      0.11850753426551819,
      0.10247832536697388
    ]
  },
  "band": [
    22,
    25,
    26,
    27,
    28,
    29,
    30,
    32
  ],
  "n_double": 19
}