{
  "cross_fraction": [
    0.005683920375304297,
    0.004120162010318988,
    0.011795979050096625,
    0.010476029922150095,
    0.013263105331589031,
    0.014046814643734251,
    0.013470175475352638,
    0.031306561152935806,
    0.02484256856769207,
    0.03261790859808874,
    0.03431448972090342,
    0.045889284935886586,
    0.036204401635283524,
    0.02055827014191891,
    0.05747460249646489,
    0.032614749072592986,
    0.037568424634325005,
    0.027609699842287228,
    0.10220507110958958,
    0.0568586549294802,
    0.062101459150047354,
    0.06856341392267495,
    0.058498903565729655,
    0.07379036645094554,
    0.07778074506980677,
    0.08909620825822155,
    0.11137202991327892,
    0.12387081860409428,
    0.08343366937090953,
    0.08233693234312038,
    0.10164054840182264,
    0.10029450935932498,
    0.06500134560822819,
    0.04761210546712391,
    0.0519394166234027,
    0.06995210997896113,
    0.07712678718598909,
    0.09327268999186344,
    0.07998856741081302,
    0.0459121485958652,
    0.052653962979093194,
    0.057236612372738215,
    0.041801388666499406,
    0.028018710101605393,
    0.04439147329685511,
    0.05165224167285487,
    0.0432855428309343,
    0.04559957931148043,
    0.05302306702651549,
    0.05490024957786469,
    0.057931717521569226,
    0.03268523317819927,
    0.042940893404496215,
    0.031162022484447032,
    0.03946746623842046,
    0.026558287007901527,
    0.014238749360932465
  ],
  "ii_entropy": [
    0.9978109945853552,
    0.871419275800387,
    0.7284415146956841,
    0.7465117226044337,
    0.6211647920620939,
    0.72701604043444,
    0.69435482720534,
    0.6896872570117315,
    0.6221315090854963,
    0.7332550585269928,
    0.7488636262714863,
    0.71596410125494,
    0.7053885695834955,
    0.68178266659379,
    0.6050071691473325,
    0.5105963256210089,
    0.6085294025639693,
    0.5680186320096254,
    0.6463538917402426,
    0.6420014922817548,
    0.685703786710898,
    0.5897406575580438,
    0.6145213159422079,
    0.5838335268199444,
    0.5847898262242476,
    0.5537830144166946,
    0.5360308475792408,
    0.5048080645501614,
    0.5858345218002796,
    0.5879321669538816,
    0.5423999155561129,
    0.5876759005089601,
    0.6212302123506864,
    0.6154488312701384,
    0.666770146538814,
    0.6729207163055738,
    0.5802831780165434,
    0.6542427875101566,
    0.7056058328598738,
    0.7478566312541565,
    0.7169306327899297,
    0.6329320644338926,
    0.6814878297348818,
    0.6964751072227955,
    0.5786040325959524,
    0.6508155750731627,
    0.6135692869623502,
    0.6642969694609443,
    0.7660265229642391,
    0.6967882551252842,
    0.757174297546347,
    0.7221350306645036,
    0.7806755776206652,
    0.7948862056558331,
    0.772233891611298,
    0.8116244440898299,
    0.9590455914537112
  ],
  "ii_spread": [
    16.366781666097893,
    11.59699992474137,
    9.463567626550864,
    10.147752885225454,
    7.904219666675573,
    10.411695227571109,
    9.814379505425787,
    10.374489085257654,
    8.358148523804404,
    10.99337688259662,
    11.055543428870955,
    10.677789400827791,
    10.513107830319685,
    10.157819831202639,
    8.852892502205945,
    7.763792882723557,
    7.664198518664861,
    8.000124110553886,
    10.6694987498703,
    11.47313478135458,
    11.850161839881496,
    10.932318844684596,
    11.405207161014696,
    12.449193841032127,
    12.30714018123445,
    12.506030440847331,
    11.473982801897057,
    12.263363427357815,
    11.899734212338918,
    12.252607020410352,
    10.360451467737558,
    11.761761221982008,
    10.782837221570764,
    9.441952296673358,
    10.086937184894312,
    10.591068203695484,
    8.625800237766887,
    9.72824603102564,
    10.663726473399898,
    11.14546455335298,
    10.106071377853077,
    8.279114861763842,
    9.158616987247758,
    9.07200126032343,
    8.236351488656375,
    8.44316670688833,
    8.424060853155229,
    8.940854172147331,
    11.893999752014823,
    9.651653095080013,
    11.604639758534994,
    10.125979767203251,
    10.504157386979669,
    11.583795465803176,
    11.834380156371358,
    12.87438676587091,
    14.66835663257004
  ],
  "kinds": [
    "double",
    "double",
    "double",
    "double",
    "double",
    "double",
    "double",
    "double",
    "double",
    "double",
    "double",
    "double",
    "double",
    "double",
    "double",
    "double",
    "double",
    "double",
    "double",
    "single",
    "single",
    "single",
    "single",
    "single",
    "single",
    "single",
    "single",
    "single",
    "single",
    "single",
    "single",
    "single",
    "single",
    "single",
    "single",
    "single",
    "single",
    "single",
    "single",
    "single",
    "single",
    "single",
    "single",
    "single",
    "single",
    "single",
    "single",
    "single",
    "single",
    "single",
    "single",
    "single",
    "single",
    "single",
    "single",
    "single",
    "single"
  ],
  "n_double": 19,
  "best_layers": [
    15,
    4,
    17,
    16,
    8
  ]
}