{
  "concepts": {
    "city": [
      0.10235647857189178,
      0.10847095400094986,
      0.12082339823246002,
      0.12286265939474106,
      0.13020184636116028,
      0.1230175569653511,
      0.1230623722076416,
      0.12830349802970886,
      0.1274215430021286,
      0.15540553629398346,
      0.1316460371017456,
      0.16185320913791656,
      0.13756118714809418,
      0.14152416586875916,
      0.12836293876171112,
      0.1325363963842392,
      0.13795170187950134,
      0.14030338823795319,
      0.13658428192138672,
      0.2788950502872467,
      0.20226147770881653,
      0.16471989452838898,
      0.19954551756381989,
      0.2246244251728058,
      0.16286250948905945,
      0.17537473142147064,
      0.26425647735595703,
      0.2291579395532608,
      0.17413164675235748,
      0.1497875303030014,
      0.24327358603477478,
      0.19722318649291992,
      0.18363811075687408,
      0.18241946399211884,
      0.18710793554782867,
      0.15031640231609344,
      0.15554101765155792,
      0.12245365232229233,
      0.13051289319992065,
      0.12441422045230865,
      0.12100904434919357,
      0.12882471084594727,
      0.13981366157531738,
      0.12483648955821991,
      0.1254008412361145,
      0.12125033885240555,
      0.1153457909822464,
      0.11117412149906158,
      0.11545463651418686,
      0.11192116886377335,
      0.10869281738996506,
      0.10832922160625458,
      0.10706953704357147,
      0.10861768573522568,
      0.11399584263563156,
      0.12266398966312408,
      0.10382146388292313
    ],
    "street": [
      0.10255612432956696,
      0.10803917050361633,
      0.12052550166845322,
      0.12301450967788696,
      0.13172519207000732,
      0.12123558670282364,
      0.11614425480365753,
      0.13694599270820618,
      0.1285748928785324,
      0.1511351466178894,
      0.12598749995231628,
      0.16401788592338562,
      0.14099957048892975,
      0.13432680070400238,
      0.12551896274089813,
      0.13822735846042633,
      0.13573826849460602,
      0.146009624004364,
      0.13721491396427155,
      0.2877337336540222,
      0.19735971093177795,
      0.16077128052711487,
      0.17600619792938232,
      0.17814959585666656,
      0.15707515180110931,
      0.18340158462524414,
      0.2887682318687439,
      0.21369792520999908,
      0.20233449339866638,
      0.18979275226593018,
      0.24880540370941162,
      0.19697576761245728,
      0.16039153933525085,
      0.14722798764705658,
      0.16943643987178802,
      0.14317065477371216,
      0.14427104592323303,
      0.1254688799381256,
      0.13230526447296143,
      0.1276635378599167,
      0.12032061815261841,
      0.1262098103761673,
      0.1368146538734436,
      0.12176027148962021,
      0.12664532661437988,
      0.11952079832553864,
      0.11651676893234253,
      0.1122514009475708,
      0.1125645786523819,
      0.11146602779626846,
      0.10824122279882431,
      0.10905053466558456,
      0.10991726070642471,
      0.10820791870355606,
      0.11288391798734665,
      0.12610647082328796,
      0.10257517546415329
    ],
    "light": [
      0.10145735740661621,
      0.10918755829334259,
      0.12185679376125336,
      0.1225636824965477,
      0.13086305558681488,
      0.12560099363327026,
      0.12209540605545044,
      0.1277778446674347,
      0.14077456295490265,
      0.15112166106700897,
      0.14816349744796753,
      0.16724450886249542,
      0.14230851829051971,
      0.14667020738124847,
      0.12482478469610214,
      0.1320621222257614,
      0.13301929831504822,
      0.14364898204803467,
      0.14095059037208557,
      0.24123096466064453,
      0.1883290857076645,
      0.2078806757926941,
      0.1963942050933838,
      0.19744865596294403,
      0.27657976746559143,
      0.3800869584083557,
      0.3722846806049347,
      0.3236496150493622,
      0.4843336343765259,
      0.289378821849823,
      0.3642462491989136,
      0.2719424366950989,
      0.24912992119789124,
      0.2645837366580963,
      0.23764914274215698,
      0.19373536109924316,
      0.17604608833789825,
      0.153707817196846,
      0.14324462413787842,
      0.1250893771648407,
      0.1316412389278412,
      0.1251828670501709,
      0.12594684958457947,
      0.12734824419021606,
      0.1260835975408554,
      0.11802972853183746,
      0.12180785089731216,
      0.11448956280946732,
      0.12154309451580048,
      0.11264237016439438,
      0.11254523694515228,
      0.11798932403326035,
      0.11427855491638184,
      0.1138397827744484,
      0.1112050861120224,
      0.1227404922246933,
      0.10280821472406387
    ],
    "building": [
      0.10405280441045761,
      0.10902191698551178,
      0.12129001319408417,
      0.12587182223796844,
      0.1313048005104065,
      0.12234257906675339,
      0.11876273900270462,
      0.13126495480537415,
      0.1249324232339859,
      0.15562254190444946,
      0.13593046367168427,
      0.15829795598983765,
      0.1399289220571518,
      0.145613431930542,
      0.1302017718553543,
      0.13110242784023285,
      0.14121848344802856,
      0.13778896629810333,
      0.1344882994890213,
      0.1873074769973755,
      0.17765183746814728,
      0.16363784670829773,
      0.19543564319610596,
      0.20431733131408691,
      0.1652485579252243,
      0.17323380708694458,
      0.20443542301654816,
      0.17143726348876953,
      0.1697923243045807,
      0.16945232450962067,
      0.1905321478843689,
      0.16678383946418762,
      0.16131795942783356,
      0.15527565777301788,
      0.1509116142988205,
      0.1503315269947052,
      0.14371563494205475,
      0.129463791847229,
      0.1307259500026703,
      0.11741004139184952,
      0.1170499175786972,
      0.12280673533678055,
      0.12247359752655029,
      0.11920904368162155,
      0.1178533136844635,
      0.11340895295143127,
      0.11138856410980225,
      0.11371779441833496,
      0.10985694080591202,
      0.10998474806547165,
      0.1071835309267044,
      0.1089402511715889,
      0.10861951112747192,
      0.11097072809934616,
      0.11581239849328995,
      0.12223770469427109,
      0.102422796189785
    ]
  },
  "band": [
    19,
    23,
    25,
    26,
    27,
    28,
    30,
    31
  ],
  "n_double": 19
}