{
  "cross_fraction": [
    0.005927315394425629,
    0.004236304386874205,
    0.013908888913420014,
    0.018296854735126544,
    0.0121730741736125,
    0.015447159431156857,
    0.015367251796912266,
    0.03795922622763707,
    0.027753395164230216,
    0.027580598039397348,
    0.040929158329769656,
    0.03657443832526042,
    0.03828556121273626,
    0.01853732748531911,
    0.060047140967071755,
    0.026366915685988108,
    0.024707748166595895,
    0.016295537393792376,
    0.06189313567544256,
    0.04130509998261308,
    0.056702411112686,
    0.04246041969357369,
    0.049181603166895606,
    0.06449069872420903,
    0.0684454847748081,
    0.0713142454624176,
    0.06289590263622813,
    0.0918316185028137,
    0.06410270583971094,
    0.055588256635625534,
    0.05982137603374819,
    0.06329975913589199,
    0.04179229762909623,
    0.030960528180003166,
    0.030523144649729755,
    0.045009079525092,
    0.053830315213417634,
    0.08512811239052098,
    0.07424119184724987,
    0.0430766191566363,
    0.053125163074582815,
    0.062432922141548865,
    0.04655002347620515,
    0.03758923433876286,
    0.06755677790139696,
    0.06535311043262482,
    0.04715237212985812,
    0.04668630970021089,
    0.052861251019445867,
    0.0505642537221623,
    0.05684964188549202,
    0.030676772051568452,
    0.040553734075122826,
    0.026251580498258893,
    0.03290357884058418,
    0.015993618964785128,
    0.014515996194556161
  ],
  "ii_entropy": [
    0.9979741697510084,
    0.8716263175010681,
    0.7223039132853349,
    0.7388109471648932,
    0.602050498748819,
    0.7062965799123049,
    0.6631531572590271,
    0.6856334538509449,
    0.6036088621864716,
    0.6937399581074715,
    0.7245108845333258,
    0.6759460754692554,
    0.6672480069100857,
    0.6314724634091059,
    0.5852942503988743,
    0.46917816903442144,
    0.5463530930380026,
    0.5230960088471571,
    0.6118672204514345,
    0.6455103022356828,
    0.6752299120028814,
    0.58706409111619,
    0.6024943975110849,
    0.6127688152094682,
    0.6129604950547218,
    0.6061009553571542,
    0.5617940997083982,
    0.5298877209424973,
    0.5931406989693642,
    0.5924836148818334,
    0.5107339881360531,
    0.5808650540808836,
    0.5680742499728998,
    0.5503412472705046,
    0.6052816857894262,
    0.5958609841763973,
    0.5271645821630955,
    0.60903267065684,
    0.6259667165577412,
    0.6715602607776722,
    0.6651251601676146,
    0.5403399424006542,
    0.5755868460983038,
    0.6006593443453312,
    0.5090516485894719,
    0.6101408588389555,
    0.5902509707957506,
    0.640825375293692,
    0.7410801357279221,
    0.6880763539423546,
    0.7175864508996407,
    0.6764701285089055,
    0.7493548939625422,
    0.7593376869335771,
    0.7684346853444973,
    0.792278280792137,
    0.9519583955407143
  ],
  "ii_spread": [
    16.407526357613897,
    11.592679102490706,
    9.351896755436748,
    9.92208830315633,
    7.370584107801759,
    10.069018632086518,
    8.895294326334783,
    10.261536973820666,
    7.924559200602249,
    9.545012184503308,
    10.0728947647806,
    9.371867994101054,
    8.468069499220274,
    7.830816511101546,
    7.684397567601848,
    6.311134535203769,
    6.12281905477903,
    6.344963442956781,
    8.454462331147292,
    8.990263905033718,
    9.957810349270202,
    7.793892997253644,
    8.649468635021767,
    9.72668444201761,
    10.125800091541388,
    10.044348730267727,
    8.93999577620256,
    9.106537405253762,
    9.194029350531078,
    9.024173931264572,
    7.7717704150965945,
    8.328378900357,
    7.608625838561525,
    6.856426299001007,
    7.652888912306506,
    8.157827011009095,
    7.312178205362353,
    8.04121555666441,
    9.132907479956417,
    8.833589765429354,
    8.912289994564155,
    6.994094096589483,
    7.525141807254588,
    7.416726246104623,
    7.201030863325539,
    8.52161095322226,
    8.194281242702962,
    8.943765611008288,
    11.518828114914237,
    9.655659752320261,
    11.05613546185721,
    8.931652964422542,
    10.221236410628654,
    10.963573016754955,
    12.177064301742154,
    12.838304004733942,
    14.869437183321741
  ],
  "kinds": [
    "double",
    "double",
    "double",
    "double",
    "double",
    "double",
    "double",
    "double",
    "double",
    "double",
    "double",
    "double",
    "double",
    "double",
    "double",
    "double",
    "double",
    "double",
    "double",
    "single",
    "single",
    "single",
    "single",
    "single",
    "single",
    "single",
    "single",
    "single",
    "single",
    "single",
    "single",
    "single",
    "single",
    "single",
    "single",
    "single",
    "single",
    "single",
    "single",
    "single",
    "single",
    "single",
    "single",
    "single",
    "single",
    "single",
    "single",
    "single",
    "single",
    "single",
    "single",
    "single",
    "single",
    "single",
    "single",
    "single",
    "single"
  ],
  "n_double": 19,
  "best_layers": [
    17,
    15,
    16,
    4,
    33
  ]
}