{
  "score_full": [
    0.3271,
    0.3291,
    0.4398,
    0.4828,
    0.4861,
    0.3618,
    0.4963,
    0.3637,
    0.5282,
    0.326
  ],
  "score_high": [
    0.1201,
    0.1653,
    0.2029,
    0.2228,
    0.1237,
    0.1689,
    0.1251,
    0.2133,
    0.1733,
    0.163
  ],
  "score_low": [
    0.1272,
    0.1763,
    0.1459,
    0.1395,
    0.1809,
    0.16,
    0.1396,
    0.1964,
    0.1467,
    0.1802
  ],
  "band": [
    1,
    2,
    3,
    4,
    5,
    6,
    7,
    8
  ],
  "band_mean": {
    "full": 0.43597885221242905,
    "high": 0.17439353372901678,
    "low": 0.16066080704331398
  },
  "spatial_only": false
}