{
  "direction": "dragon",
  "concept": "dragon",
  "mode": "project",
  "band": [
    19,
    20,
    21,
    22,
    23,
    24,
    25,
    26
  ],
  "downstream_layers": [
    27,
    28,
    29,
    30,
    31,
    32,
    33,
    34
  ],
  "delta_saliency_band": {
    "0.0": 0.0,
    "1.0": -0.018776776269078255,
    "2.0": -0.04984587989747524
  },
  "delta_saliency_downstream": {
    "0.0": 0.0,
    "1.0": 0.0002093566581606865,
    "2.0": -0.0020472072064876556
  }
}