{
  "concepts": {
    "vase": [
      0.10229137539863586,
      0.11982889473438263,
      0.1435297727584839,
      0.1305679827928543,
      0.13801810145378113,
      0.12480804324150085,
      0.12513355910778046,
      0.13351306319236755,
      0.17201079428195953,
      0.19206790626049042,
      0.15051059424877167,
      0.14913934469223022,
      0.13961133360862732,
      0.17884354293346405,
      0.1331571489572525,
      0.13858643174171448,
      0.16724517941474915,
      0.18800552189350128,
      0.17163296043872833,
      0.19377999007701874,
      0.21662086248397827,
      0.2267410308122635,
      0.24426954984664917,
      0.213200181722641,
      0.24807418882846832,
      0.3338417410850525,
      0.2901795506477356,
      0.20345646142959595,
      0.3497062921524048,
      0.22969909012317657,
      0.23335087299346924,
      0.19095999002456665,
      0.19265519082546234,
      0.16441191732883453,
      0.1575155109167099,
      0.13868388533592224,
      0.13382205367088318,
      0.11942842602729797,
      0.12180650979280472,
      0.11605098843574524,
      0.11350662261247635,
      0.12133845686912537,
      0.1227581650018692,
      0.11401539295911789,
      0.11603199690580368,
      0.1158699244260788,
      0.11326126754283905,
      0.1122165322303772,
      0.11491139233112335,
      0.10921493917703629,
      0.11180245876312256,
      0.10948219895362854,
      0.10902410745620728,
      0.10870388895273209,
      0.11588241159915924,
      0.12732595205307007,
      0.10343488305807114
    ],
    "flower": [
      0.10255938768386841,
      0.11646454781293869,
      0.15282893180847168,
      0.14285030961036682,
      0.14680279791355133,
      0.14506779611110687,
      0.1288558542728424,
      0.15049803256988525,
      0.1923428326845169,
      0.36241400241851807,
      0.2518063187599182,
      0.2701563537120819,
      0.1844525933265686,
      0.2780013978481293,
      0.22295235097408295,
      0.16355420649051666,
      0.32078155875205994,
      0.40743476152420044,
      0.2242165356874466,
      0.29438647627830505,
      0.2154177874326706,
      0.39351731538772583,
      0.46488574147224426,
      0.23381386697292328,
      0.44663235545158386,
      0.33253514766693115,
      0.33719658851623535,
      0.2746522128582001,
      0.52853924036026,
      0.2720073163509369,
      0.22235779464244843,
      0.19956891238689423,
      0.1845354437828064,
      0.1588769406080246,
      0.1758015751838684,
      0.1403641700744629,
      0.1373577117919922,
      0.12360653281211853,
      0.11919820308685303,
      0.11744505167007446,
      0.1149435043334961,
      0.12216029316186905,
      0.12359636276960373,
      0.11744558066129684,
      0.11844221502542496,
      0.11599552631378174,
      0.11551868170499802,
      0.11213258653879166,
      0.11391603946685791,
      0.10999570786952972,
      0.11220283806324005,
      0.10950186848640442,
      0.10840799659490585,
      0.10782235115766525,
      0.11565103381872177,
      0.1311802864074707,
      0.10310915857553482
    ],
    "window": [
      0.10245036333799362,
      0.12048757076263428,
      0.13988058269023895,
      0.13343848288059235,
      0.14001844823360443,
      0.12569262087345123,
      0.11723291128873825,
      0.12656590342521667,
      0.13846181333065033,
      0.14955618977546692,
      0.1392822116613388,
      0.15180130302906036,
      0.14518022537231445,
      0.15336671471595764,
      0.14506268501281738,
      0.1338757425546646,
      0.17417512834072113,
      0.16892635822296143,
      0.13533687591552734,
      0.17674243450164795,
      0.16718323528766632,
      0.2003760039806366,
      0.19466963410377502,
      0.17040061950683594,
      0.17370495200157166,
      0.2053607553243637,
      0.21414977312088013,
      0.22130557894706726,
      0.26474130153656006,
      0.27878835797309875,
      0.22639992833137512,
      0.21983517706394196,
      0.2278096079826355,
      0.17881149053573608,
      0.1654215306043625,
      0.1488771140575409,
      0.13560912013053894,
      0.13333401083946228,
      0.11819632351398468,
      0.11436328291893005,
      0.11369805037975311,
      0.11898516863584518,
      0.11705990880727768,
      0.11623874306678772,
      0.119181327521801,
      0.12079299986362457,
      0.11534659564495087,
      0.11393289268016815,
      0.11297590285539627,
      0.11236751824617386,
      0.11242704838514328,
      0.11303827166557312,
      0.10976501554250717,
      0.10922844707965851,
      0.11765909194946289,
      0.12728558480739594,
      0.10243841260671616
    ]
  },
  "band": [
    17,
    21,
    22,
    24,
    25,
    26,
    28,
    29
  ],
  "n_double": 19
}