{
  "concept": "dragon",
  "direction": "random",
  "control_random": true,
  "band": [
    19,
    20,
    21,
    22,
    23,
    24,
    25,
    26
  ],
  "mode": "add",
  "region_rc": [
    10,
    10,
    20,
    20
  ],
  "results": [
    {
      "alpha": 0.0,
      "delta_in": 0.0,
      "delta_out": 0.0,
      "ratio": 0.0
    },
    {
      "alpha": 4.0,
      "delta_in": 16.944063186645508,
      "delta_out": 3.6684489250183105,
      "ratio": 4.618861789850091
    },
    {
      "alpha": 8.0,
      "delta_in": 38.956878662109375,
      "delta_out": 6.489956378936768,
      "ratio": 6.00264013883117
    },
    {
      "alpha": 16.0,
      "delta_in": 41.48965835571289,
      "delta_out": 7.6760783195495605,
      "ratio": 5.405058575938158
    }
  ]
}