{
  "concepts": {
    "cabin": [
      0.10254145413637161,
      0.10821035504341125,
      0.12429353594779968,
      0.1233183890581131,
      0.12655717134475708,
      0.11462263017892838,
      0.11278006434440613,
      0.12772047519683838,
      0.1336810141801834,
      0.17269276082515717,
      0.1463562697172165,
      0.1637141853570938,
      0.1392054557800293,
      0.1259492188692093,
      0.13657042384147644,
      0.12059837579727173,
      0.1389826536178589,
      0.2503432631492615,
      0.15264678001403809,
      0.2563210427761078,
      0.27705422043800354,
      0.2245681881904602,
      0.23204097151756287,
      0.16621819138526917,
      0.15695981681346893,
      0.34052327275276184,
      0.33689162135124207,
      0.20366817712783813,
      0.45928579568862915,
      0.2187088131904602,
      0.19672627747058868,
      0.15147912502288818,
      0.1970471739768982,
      0.13540802896022797,
      0.17197735607624054,
      0.14507058262825012,
      0.12815254926681519,
      0.1170792430639267,
      0.11660720407962799,
      0.12027712911367416,
      0.1160770133137703,
      0.1151038184762001,
      0.12651492655277252,
      0.11301903426647186,
      0.11970056593418121,
      0.11174805462360382,
      0.10911744832992554,
      0.10804831981658936,
      0.11112695187330246,
      0.1084640771150589,
      0.10671625286340714,
      0.10581628978252411,
      0.10450287163257599,
      0.10550115257501602,
      0.11013330519199371,
      0.11395257711410522,
      0.10173846781253815
    ],
    "snow": [
      0.10207139700651169,
      0.10727795958518982,
      0.12374433875083923,
      0.1177181676030159,
      0.1331111490726471,
      0.11537425965070724,
      0.11344724148511887,
      0.12258368730545044,
      0.13909220695495605,
      0.13752295076847076,
      0.13910706341266632,
      0.12695442140102386,
      0.13267575204372406,
      0.1366002857685089,
      0.132712721824646,
      0.1231435164809227,
      0.13515886664390564,
      0.13476383686065674,
      0.1259334236383438,
      0.1865731179714203,
      0.16431820392608643,
      0.20032340288162231,
      0.1756407469511032,
      0.18333445489406586,
      0.15038590133190155,
      0.18453384935855865,
      0.3352886438369751,
      0.3504904508590698,
      0.1702011227607727,
      0.15894150733947754,
      0.2137521207332611,
      0.16127264499664307,
      0.1542535424232483,
      0.15097054839134216,
      0.13314443826675415,
      0.12991203367710114,
      0.13013888895511627,
      0.12166590988636017,
      0.11626196652650833,
      0.11086854338645935,
      0.11182272434234619,
      0.11124667525291443,
      0.11812321096658707,
      0.11039871722459793,
      0.119315505027771,
      0.10976719111204147,
      0.10961920768022537,
      0.1083211898803711,
      0.10686073452234268,
      0.10877475142478943,
      0.1068415641784668,
      0.10779641568660736,
      0.10489799827337265,
      0.10583965480327606,
      0.11030818521976471,
      0.11220128834247589,
      0.10137410461902618
    ],
    "forest": [
      0.1025691032409668,
      0.10735652595758438,
      0.12372683733701706,
      0.12277691066265106,
      0.13646763563156128,
      0.11854272335767746,
      0.1159009113907814,
      0.12343054264783859,
      0.14786136150360107,
      0.1346002072095871,
      0.15196000039577484,
      0.13022127747535706,
      0.13423660397529602,
      0.14202767610549927,
      0.1378018707036972,
      0.1292751580476761,
      0.14610910415649414,
      0.1493406742811203,
      0.12718099355697632,
      0.15980620682239532,
      0.12529140710830688,
      0.14454248547554016,
      0.14445216953754425,
      0.1554340422153473,
      0.16555489599704742,
      0.16543778777122498,
      0.2199188619852066,
      0.18031039834022522,
      0.17114250361919403,
      0.15157869458198547,
      0.17749102413654327,
      0.13690495491027832,
      0.14794522523880005,
      0.12651637196540833,
      0.12404609471559525,
      0.12237231433391571,
      0.1179996132850647,
      0.11538673937320709,
      0.11281105130910873,
      0.10862447321414948,
      0.10763663053512573,
      0.11005479842424393,
      0.11064159125089645,
      0.10874403268098831,
      0.11476925015449524,
      0.10907115787267685,
      0.10939940065145493,
      0.10774557292461395,
      0.10516092926263809,
      0.10856369137763977,
      0.10687578469514847,
      0.10797944664955139,
      0.10502620786428452,
      0.10615166276693344,
      0.10881467908620834,
      0.1137702465057373,
      0.10254546999931335
    ]
  },
  "band": [
    19,
    20,
    21,
    25,
    26,
    27,
    28,
    30
  ],
  "n_double": 19
}