{
  "concepts": {
    "cat": [
      0.10212502628564835,
      0.1093689426779747,
      0.1282557249069214,
      0.12211643904447556,
      0.1362166553735733,
      0.13171015679836273,
      0.12733085453510284,
      0.12086303532123566,
      0.127702996134758,
      0.2168852984905243,
      0.16660287976264954,
      0.16626550257205963,
      0.14560462534427643,
      0.1634671986103058,
      0.12944675981998444,
      0.12622731924057007,
      0.15969441831111908,
      0.221147358417511,
      0.18770866096019745,
      0.2654879689216614,
      0.2176980972290039,
      0.17601849138736725,
      0.16297568380832672,
      0.16536520421504974,
      0.22106635570526123,
      0.1990068107843399,
      0.25755980610847473,
      0.21111690998077393,
      0.18910928070545197,
      0.17705875635147095,
      0.21903753280639648,
      0.16558237373828888,
      0.17132805287837982,
      0.14467450976371765,
      0.1398763209581375,
      0.12974387407302856,
      0.13320975005626678,
      0.12353087961673737,
      0.11529332399368286,
      0.10955345630645752,
      0.10899066925048828,
      0.11300425976514816,
      0.11259899288415909,
      0.10729233920574188,
      0.11055130511522293,
      0.10972557216882706,
      0.11114470660686493,
      0.10765617340803146,
      0.10701102018356323,
      0.10623090714216232,
      0.10575486719608307,
      0.1076020896434784,
      0.10690955817699432,
      0.10841704905033112,
      0.11707647889852524,
      0.12037637829780579,
      0.1053742989897728
    ],
    "table": [
      0.10227826237678528,
      0.10915757715702057,
      0.12930239737033844,
      0.12301825731992722,
      0.13431549072265625,
      0.12303540855646133,
      0.12451166659593582,
      0.11419466137886047,
      0.1161615327000618,
      0.17217901349067688,
      0.12743881344795227,
      0.1422940194606781,
      0.12715071439743042,
      0.12140410393476486,
      0.12533117830753326,
      0.1216176450252533,
      0.12091881036758423,
      0.13135920464992523,
      0.1264137625694275,
      0.21617428958415985,
      0.19115443527698517,
      0.16739103198051453,
      0.15754076838493347,
      0.1519034504890442,
      0.16630952060222626,
      0.17782066762447357,
      0.2195006012916565,
      0.1966087371110916,
      0.17546437680721283,
      0.17478489875793457,
      0.21507109701633453,
      0.173426553606987,
      0.1771780252456665,
      0.15322118997573853,
      0.1478050947189331,
      0.13899865746498108,
      0.13632996380329132,
      0.12739062309265137,
      0.12040608376264572,
      0.1142776757478714,
      0.11053776741027832,
      0.11577495187520981,
      0.11699345707893372,
      0.10983934998512268,
      0.11284174025058746,
      0.11288807541131973,
      0.10974551737308502,
      0.10827050358057022,
      0.1073402464389801,
      0.10736348479986191,
      0.10708945244550705,
      0.10695328563451767,
      0.10672319680452347,
      0.10859586298465729,
      0.11690819263458252,
      0.12329495698213577,
      0.10532179474830627
    ]
  },
  "n_double": 19
}