{
  "cross_fraction": [
    0.03893008533729395,
    0.031241040114158142,
    0.0838400787373151,
    0.08137569287646329,
    0.07133659011500033,
    0.06503590982174501,
    0.04060839795662711,
    0.10174443378734092,
    0.06176492678544795,
    0.07595803443109617,
    0.0830240036205699,
    0.10284031106857583,
    0.08018241768392424,
    0.10475388328632107,
    0.1470982087291001,
    0.14061268954295278,
    0.1052748257255492,
    0.07933391138794832,
    0.1594721261256685,
    0.13803167645043382,
    0.15226309633969018,
    0.13437295611947775,
    0.1504915338009596,
    0.1952617730324467,
    0.19969604505846897,
    0.23517149904121956,
    0.20935509043435255,
    0.26463167602196336,
    0.18855729202429453,
    0.1827260972931981,
    0.21503951586782932,
    0.21260411540667215,
    0.15445758285932243,
    0.1279021668403099,
    0.14196554943919182,
    0.160242792374144,
    0.18275387996497253,
    0.2487873675612112,
    0.29400325038780767,
    0.2314744166408976,
    0.2239663718889157,
    0.2682286575436592,
    0.2499837821815163,
    0.19645778043195605,
    0.2665396404142181,
    0.2913502864539623,
    0.2865194792393595,
    0.2637652285241832,
    0.32142367066505056,
    0.32478570045592886,
    0.38157265008582425,
    0.24376396116955826,
    0.34913113464911777,
    0.3095951839738215,
    0.38886318588629365,
    0.3345634296226005,
    0.24428551796396883
  ],
  "ii_entropy": [
    0.9970671832561493,
    0.8658497134844462,
    0.7243802305310965,
    0.7375622397909561,
    0.6103188997755448,
    0.7021638366083304,
    0.6717121234784523,
    0.6811115058759848,
    0.6023790768037239,
    0.692038727303346,
    0.718067791312933,
    0.6819833641250929,
    0.6471452129383882,
    0.6149863488972187,
    0.5855966669817766,
    0.4722115909680724,
    0.5543795861303806,
    0.5301690561076006,
    0.590759222706159,
    0.630368838707606,
    0.6610067288080851,
    0.5801306155820688,
    0.5959018729627132,
    0.5956501141190529,
    0.5904574630161127,
    0.5621153054138025,
    0.5464234153429667,
    0.49440695717930794,
    0.5759662576019764,
    0.586410365998745,
    0.5227205778161684,
    0.5833022097746531,
    0.5969003215432167,
    0.5804404380420843,
    0.6283323590954145,
    0.6196818699439367,
    0.5382422134280205,
    0.6261123058696588,
    0.6664272205283245,
    0.7097838688641787,
    0.6931516031424204,
    0.5875431755557656,
    0.6240889318287373,
    0.6547710187733173,
    0.5337314133842787,
    0.6211100220680237,
    0.6134594045579433,
    0.6508334688842297,
    0.7405439031620821,
    0.690860694895188,
    0.7384904644762477,
    0.6831177442024151,
    0.7665323978289962,
    0.7717522699385881,
    0.7725140287851294,
    0.8000297946855426,
    0.9453950201471647
  ],
  "ii_spread": [
    16.480962361333763,
    11.474447776817216,
    9.32268353691268,
    10.104091249655012,
    7.716216543196604,
    10.468359748984183,
    9.259817027512037,
    10.30061914244019,
    8.209834354182277,
    10.6071545810368,
    10.795343941875062,
    10.286260246217465,
    10.211260454300671,
    9.753663476806809,
    8.341519067205457,
    7.573663024780401,
    7.065073855076455,
    7.4875747389667895,
    10.696282370218498,
    10.682000659698602,
    11.430380419295775,
    9.208649749606824,
    10.94225503894276,
    11.19116332026224,
    11.831268104074534,
    11.83776919927452,
    10.591159720600107,
    11.491511368542662,
    11.306882023202654,
    11.568772379732259,
    9.499645368796678,
    10.812500011422742,
    9.857761560763537,
    8.832373666500358,
    9.097083357915276,
    9.5314071482452,
    8.138705716255627,
    9.422284497742213,
    10.490006830927689,
    10.628013724069268,
    10.139366176792501,
    8.415027999840362,
    9.048919243334911,
    8.991903310356895,
    8.28424164885289,
    8.826130278154194,
    9.117308681039502,
    9.492762141766976,
    12.067345056249254,
    10.164360785820875,
    11.943013910309789,
    9.673501853627323,
    10.90822884972747,
    11.74636994786511,
    12.409307233138177,
    12.8586469753769,
    14.64583020713745
  ],
  "kinds": [
    "double",
    "double",
    "double",
    "double",
    "double",
    "double",
    "double",
    "double",
    "double",
    "double",
    "double",
    "double",
    "double",
    "double",
    "double",
    "double",
    "double",
    "double",
    "double",
    "single",
    "single",
    "single",
    "single",
    "single",
    "single",
    "single",
    "single",
    "single",
    "single",
    "single",
    "single",
    "single",
    "single",
    "single",
    "single",
    "single",
    "single",
    "single",
    "single",
    "single",
    "single",
    "single",
    "single",
    "single",
    "single",
    "single",
    "single",
    "single",
    "single",
    "single",
    "single",
    "single",
    "single",
    "single",
    "single",
    "single",
    "single"
  ],
  "n_double": 19,
  "best_layers": [
    17,
    15,
    16,
    4,
    8
  ]
}