{
  "concepts": {
    "dog": [
      0.10272473841905594,
      0.11479517817497253,
      0.1374720335006714,
      0.13384713232517242,
      0.13965526223182678,
      0.14360949397087097,
      0.12629446387290955,
      0.13788722455501556,
      0.1399545669555664,
      0.2242617905139923,
      0.1540631353855133,
      0.18651700019836426,
      0.1478816568851471,
      0.18661421537399292,
      0.1494615375995636,
      0.14525064826011658,
      0.194405660033226,
      0.3494233191013336,
      0.199991837143898,
      0.2325870841741562,
      0.20808692276477814,
      0.384592741727829,
      0.24751077592372894,
      0.21174348890781403,
      0.2521143853664398,
      0.2714681327342987,
      0.32405534386634827,
      0.280137300491333,
      0.32119932770729065,
      0.20177270472049713,
      0.2495020180940628,
      0.1486366093158722,
      0.1675167977809906,
      0.14084944128990173,
      0.1443070024251938,
      0.14426285028457642,
      0.13993297517299652,
      0.1269017606973648,
      0.11737401783466339,
      0.11849059909582138,
      0.11378922313451767,
      0.11537164449691772,
      0.12444291263818741,
      0.11130916327238083,
      0.11314171552658081,
      0.11430735141038895,
      0.11127690970897675,
      0.10775404423475266,
      0.10716419667005539,
      0.10692699253559113,
      0.10769791156053543,
      0.10670199990272522,
      0.10642654448747635,
      0.10720528662204742,
      0.11298521608114243,
      0.12925592064857483,
      0.10334831476211548
    ],
    "ball": [
      0.10449226945638657,
      0.11410858482122421,
      0.1403147131204605,
      0.1300712674856186,
      0.13686880469322205,
      0.13508693873882294,
      0.13008274137973785,
      0.1342676877975464,
      0.1530962735414505,
      0.17345988750457764,
      0.1518016904592514,
      0.19470949470996857,
      0.26093608140945435,
      0.1991785764694214,
      0.158090740442276,
      0.13715654611587524,
      0.16322441399097443,
      0.28808876872062683,
      0.15976405143737793,
      0.17989225685596466,
      0.198076531291008,
      0.27516672015190125,
      0.2735024690628052,
      0.3110450208187103,
      0.40245339274406433,
      0.3749271631240845,
      0.40568655729293823,
      0.30736109614372253,
      0.35903796553611755,
      0.27693331241607666,
      0.30525875091552734,
      0.19154861569404602,
      0.21533209085464478,
      0.17835314571857452,
      0.1672213077545166,
      0.1468622088432312,
      0.12910786271095276,
      0.14052537083625793,
      0.11453738808631897,
      0.11178334057331085,
      0.11010042577981949,
      0.10849925875663757,
      0.12073041498661041,
      0.10945671051740646,
      0.11397311091423035,
      0.11186176538467407,
      0.1114451140165329,
      0.10741524398326874,
      0.10673317313194275,
      0.10727062821388245,
      0.1087784692645073,
      0.10610911250114441,
      0.10744742304086685,
      0.10675869882106781,
      0.11228032410144806,
      0.1289408802986145,
      0.1024978756904602
    ],
    "tree": [
      0.10297280550003052,
      0.11333629488945007,
      0.13707874715328217,
      0.1256750375032425,
      0.1329306960105896,
      0.13264700770378113,
      0.1304798722267151,
      0.12706071138381958,
      0.14308476448059082,
      0.1913313865661621,
      0.1831672638654709,
      0.15136685967445374,
      0.13505098223686218,
      0.15997642278671265,
      0.12539878487586975,
      0.12820768356323242,
      0.18143323063850403,
      0.252699077129364,
      0.1397877186536789,
      0.18251797556877136,
      0.17241913080215454,
      0.1602737009525299,
      0.1599401831626892,
      0.14943251013755798,
      0.18849946558475494,
      0.23235733807086945,
      0.2217487096786499,
      0.21964554488658905,
      0.2584194242954254,
      0.23293282091617584,
      0.17821799218654633,
      0.17400017380714417,
      0.17572452127933502,
      0.14304694533348083,
      0.143311008810997,
      0.13516531884670258,
      0.1289389282464981,
      0.1332448422908783,
      0.11995319277048111,
      0.11451184749603271,
      0.1104951798915863,
      0.11442752182483673,
      0.12607842683792114,
      0.11105283349752426,
      0.11394081264734268,
      0.11639422178268433,
      0.11118807643651962,
      0.10912422090768814,
      0.10981199890375137,
      0.10730739682912827,
      0.10948600620031357,
      0.10784989595413208,
      0.10879646986722946,
      0.10875450819730759,
      0.11473400145769119,
      0.12894806265830994,
      0.1031208336353302
    ],
    "grass": [
      0.103369802236557,
      0.11355167627334595,
      0.1376466453075409,
      0.1313370168209076,
      0.14153531193733215,
      0.1353583186864853,
      0.12791453301906586,
      0.12412112951278687,
      0.1514025330543518,
      0.17154228687286377,
      0.17653563618659973,
      0.15635569393634796,
      0.1368390917778015,
      0.17372830212116241,
      0.15470635890960693,
      0.12678728997707367,
      0.15698151290416718,
      0.1764906644821167,
      0.14018787443637848,
      0.18234014511108398,
      0.16306504607200623,
      0.1877247542142868,
      0.18056266009807587,
      0.18229340016841888,
      0.22617915272712708,
      0.22601273655891418,
      0.2407100796699524,
      0.2298727184534073,
      0.22827179729938507,
      0.22888079285621643,
      0.2157926857471466,
      0.21393221616744995,
      0.19494199752807617,
      0.17979979515075684,
      0.17532074451446533,
      0.16062995791435242,
      0.14775991439819336,
      0.1458655744791031,
      0.12700359523296356,
      0.11740240454673767,
      0.11522112786769867,
      0.11600716412067413,
      0.11443027853965759,
      0.11172344535589218,
      0.11475054174661636,
      0.1098821684718132,
      0.11493109166622162,
      0.10876411944627762,
      0.11422640830278397,
      0.10829174518585205,
      0.10860984772443771,
      0.10673703253269196,
      0.10706626623868942,
      0.10801344364881516,
      0.11855348944664001,
      0.1310509592294693,
      0.10380282253026962
    ]
  },
  "band": [
    17,
    21,
    24,
    25,
    26,
    27,
    28,
    30
  ],
  "n_double": 19
}